2506d686-5426-42d4-b642-fc5d925343b0,0
3e683191-c38b-5166-9ae3-8bfc3b975859,1
a2fadb10-9952-b057-f52c-76b5b463caeb,2
5da6106f-0d27-0d37-e9d7-dcfeccc1f709,3
ab8b5236-f623-4523-a3b9-5aaa59f57643,4
47e1fff1-b9da-5901-dea2-124087ef1ba3,5
abebf617-5d62-64f0-481c-803909366a00,6
abebf617-5d62-64f0-481c-803909366a00,7
447ec120-685b-4d39-b266-9d5236a0f903,8
90eba7fe-ddbd-e043-67f8-bdfa0710bfd6,9
e693e2f0-50bb-05ab-8a27-4078f5dacf11,10
47e1fff1-b9da-5901-dea2-124087ef1ba3,11
e693e2f0-50bb-05ab-8a27-4078f5dacf11,12
91638d36-44ab-c37f-2821-55046bbc042e,13
806c6f1b-d2f6-2e30-929f-fd7c4148c0e8,14
fb1e0239-94df-a94c-56d9-28956a629ed9,15
a9daffa0-3afb-cb98-f5ee-4cca007df5d9,16
50391bfa-51aa-470f-e2b0-d27da79f4afa,17
8e5825f9-25dd-1ed2-8171-41255fc8c0ea,18
ab8b5236-f623-4523-a3b9-5aaa59f57643,19
152178e0-3c34-a2a7-abf0-68fc0a7f5997,20
b25b3682-07f9-d84b-b1cf-54b63f1b2e81,21
58d16baf-6b90-4403-a2e0-9eb78a355ef5,22
b82b5250-4894-e935-a2e8-10e1e4cee0f9,23
47e1fff1-b9da-5901-dea2-124087ef1ba3,24
d6232010-dad0-e9dc-2262-b38d7a29d811,25
b82b5250-4894-e935-a2e8-10e1e4cee0f9,26
5087a047-80c5-4aa3-dfdf-30dd8ac88b5e,27
e0906c05-fae5-9591-ba5f-2142d8b0065a,28
90eba7fe-ddbd-e043-67f8-bdfa0710bfd6,29
fb1e0239-94df-a94c-56d9-28956a629ed9,30
e649d0c7-3f41-e2c0-03b7-867ab82fb8d2,31
359a4a11-5201-3d7d-f7e1-3ac745fbf265,32
4a6056f8-a0b6-4bac-b025-2a962a0bd5a2,33
72027024-b8c1-c99f-78c1-c8964e1e4062,34
27b7a483-5013-48b5-9bcf-e35f375b6c80,35
2a46bc32-c289-a0ca-21db-c048530690f2,36
90eba7fe-ddbd-e043-67f8-bdfa0710bfd6,37
0d5171b3-68b3-37c3-cb50-8cd8ccb8930b,38
e649d0c7-3f41-e2c0-03b7-867ab82fb8d2,39
152b9184-5cc9-fd83-b532-807e78053c4a,40
fc5fbe7a-562d-d577-b05e-46797caa134c,41
30be31c8-67a8-2cb5-2668-2e988f0130f8,42
47e1fff1-b9da-5901-dea2-124087ef1ba3,43
47e1fff1-b9da-5901-dea2-124087ef1ba3,44
545431fb-8c10-7fdd-e6be-2efd4048c558,45
aeae42a1-3e5d-4496-82f4-3182afbb32f0,46
abebf617-5d62-64f0-481c-803909366a00,47
3e683191-c38b-5166-9ae3-8bfc3b975859,48
5117844c-573d-48cd-9c4f-5b3564f1f778,49
806c6f1b-d2f6-2e30-929f-fd7c4148c0e8,50
5da6106f-0d27-0d37-e9d7-dcfeccc1f709,51
5e2a0e51-feb9-405b-ae77-e214b18b19b4,52
5da6106f-0d27-0d37-e9d7-dcfeccc1f709,53
d6232010-dad0-e9dc-2262-b38d7a29d811,54
47e1fff1-b9da-5901-dea2-124087ef1ba3,55
3e683191-c38b-5166-9ae3-8bfc3b975859,56
2d62fec3-1058-462f-a244-02e3ce3c34a0,57
5087a047-80c5-4aa3-dfdf-30dd8ac88b5e,58
3e678670-f849-5a07-92be-083d3cdd1e6d,59
7ef1577a-8779-8044-4a42-669b796f8e4f,60
df662812-7f97-0b43-9d3e-12f64f504fbb,61
df662812-7f97-0b43-9d3e-12f64f504fbb,62
47e1fff1-b9da-5901-dea2-124087ef1ba3,63
abebf617-5d62-64f0-481c-803909366a00,64
62a144d3-60f1-4319-ea18-9149ee215ef1,65
359a4a11-5201-3d7d-f7e1-3ac745fbf265,66
901291e1-d93a-7b30-c121-9accc3dc7b34,67
d6232010-dad0-e9dc-2262-b38d7a29d811,68
3e683191-c38b-5166-9ae3-8bfc3b975859,69
47e1fff1-b9da-5901-dea2-124087ef1ba3,70
545431fb-8c10-7fdd-e6be-2efd4048c558,71
5e2a0e51-feb9-405b-ae77-e214b18b19b4,72
47e1fff1-b9da-5901-dea2-124087ef1ba3,73
fb1e0239-94df-a94c-56d9-28956a629ed9,74
d6232010-dad0-e9dc-2262-b38d7a29d811,75
47e1fff1-b9da-5901-dea2-124087ef1ba3,76
5da6106f-0d27-0d37-e9d7-dcfeccc1f709,77
fc5fbe7a-562d-d577-b05e-46797caa134c,78
5e2a0e51-feb9-405b-ae77-e214b18b19b4,79
47e1fff1-b9da-5901-dea2-124087ef1ba3,80
d36a328a-2e89-50da-4697-07dd2b1bfa5d,81
7420fba4-e1f1-4599-b822-d433fe512905,82
2c23e7ad-4441-5320-fdf9-5aa7007fec0b,83
e1a29c26-a6c2-b208-6ee4-165cf83b1656,84
9cdcb8c1-cf59-4260-a60e-fe4f2f8cddaf,85
3e683191-c38b-5166-9ae3-8bfc3b975859,86
abebf617-5d62-64f0-481c-803909366a00,87
5117844c-573d-48cd-9c4f-5b3564f1f778,88
5da6106f-0d27-0d37-e9d7-dcfeccc1f709,89
3e683191-c38b-5166-9ae3-8bfc3b975859,90
55c538c6-da99-201f-1b45-65c938cfd4dd,91
0d5171b3-68b3-37c3-cb50-8cd8ccb8930b,92
5117844c-573d-48cd-9c4f-5b3564f1f778,93
47e1fff1-b9da-5901-dea2-124087ef1ba3,94
d92a8307-9b33-2822-0df8-8f128d1b01be,95
fc5fbe7a-562d-d577-b05e-46797caa134c,96
545431fb-8c10-7fdd-e6be-2efd4048c558,97
5e2a0e51-feb9-405b-ae77-e214b18b19b4,98
47e1fff1-b9da-5901-dea2-124087ef1ba3,99
df662812-7f97-0b43-9d3e-12f64f504fbb,100
ad2d79bb-067f-7179-fd64-ded677d08b2b,101
7420fba4-e1f1-4599-b822-d433fe512905,102
50afa330-f315-89db-5b60-539973436d6d,103
52f4bdc1-5c4a-2ccd-837d-133a0a578cda,104
ad8efff0-1e05-f89c-c08f-1b40a49edb20,105
50391bfa-51aa-470f-e2b0-d27da79f4afa,106
321fe8f0-1847-498b-a56e-0c19aca940ad,107
6acfa7da-1dbd-936e-d985-cf07a1b27711,108
3548b790-8313-48c7-87cd-60b1d8b9d887,109
fc5fbe7a-562d-d577-b05e-46797caa134c,110
5da6106f-0d27-0d37-e9d7-dcfeccc1f709,111
55c538c6-da99-201f-1b45-65c938cfd4dd,112
7420fba4-e1f1-4599-b822-d433fe512905,113
4a6056f8-a0b6-4bac-b025-2a962a0bd5a2,114
b82b5250-4894-e935-a2e8-10e1e4cee0f9,115
50391bfa-51aa-470f-e2b0-d27da79f4afa,116
359a4a11-5201-3d7d-f7e1-3ac745fbf265,117
abebf617-5d62-64f0-481c-803909366a00,118
47e1fff1-b9da-5901-dea2-124087ef1ba3,119
e649d0c7-3f41-e2c0-03b7-867ab82fb8d2,120
b82b5250-4894-e935-a2e8-10e1e4cee0f9,121
47e1fff1-b9da-5901-dea2-124087ef1ba3,122
47e1fff1-b9da-5901-dea2-124087ef1ba3,123
47e1fff1-b9da-5901-dea2-124087ef1ba3,124
90eba7fe-ddbd-e043-67f8-bdfa0710bfd6,125
447ec120-685b-4d39-b266-9d5236a0f903,126
abebf617-5d62-64f0-481c-803909366a00,127
4a6056f8-a0b6-4bac-b025-2a962a0bd5a2,128
abebf617-5d62-64f0-481c-803909366a00,129
b25b3682-07f9-d84b-b1cf-54b63f1b2e81,130
b82b5250-4894-e935-a2e8-10e1e4cee0f9,131
bbd3ae58-58e2-d81c-42bf-97d4a07ac0d1,132
3e683191-c38b-5166-9ae3-8bfc3b975859,133
5087a047-80c5-4aa3-dfdf-30dd8ac88b5e,134
79e905eb-785b-4381-8668-df67e219a710,135
4a6056f8-a0b6-4bac-b025-2a962a0bd5a2,136
ab8b5236-f623-4523-a3b9-5aaa59f57643,137
b82b5250-4894-e935-a2e8-10e1e4cee0f9,138
90eba7fe-ddbd-e043-67f8-bdfa0710bfd6,139
fc5fbe7a-562d-d577-b05e-46797caa134c,140
1ce91a80-5714-acf2-242c-df168afbfdc8,141
e5d97b1e-e44d-a390-af79-49362ae09fea,142
47e1fff1-b9da-5901-dea2-124087ef1ba3,143
fc9e6b9c-8e07-bc6a-48f0-54fb830d7dcf,144
d6232010-dad0-e9dc-2262-b38d7a29d811,145
359a4a11-5201-3d7d-f7e1-3ac745fbf265,146
2108ff0c-4b05-4f4a-a424-6b5495ddaa36,147
bc032169-8a18-9c46-b2c1-8a7f68a62a4a,148
fe495c07-5d24-47f3-8773-4c6e7007e2e0,149
47e1fff1-b9da-5901-dea2-124087ef1ba3,150
ab8b5236-f623-4523-a3b9-5aaa59f57643,151
89ed3fd5-2182-e7f5-a95b-ac02f00c9ea4,152
ce8c7d08-72d3-c537-68be-ae46d6ffc228,153
47e1fff1-b9da-5901-dea2-124087ef1ba3,154
ad8efff0-1e05-f89c-c08f-1b40a49edb20,155
5e2a0e51-feb9-405b-ae77-e214b18b19b4,156
901291e1-d93a-7b30-c121-9accc3dc7b34,157
fe495c07-5d24-47f3-8773-4c6e7007e2e0,158
d36a328a-2e89-50da-4697-07dd2b1bfa5d,159
abebf617-5d62-64f0-481c-803909366a00,160
fb1e0239-94df-a94c-56d9-28956a629ed9,161
47e1fff1-b9da-5901-dea2-124087ef1ba3,162
fe495c07-5d24-47f3-8773-4c6e7007e2e0,163
fc5fbe7a-562d-d577-b05e-46797caa134c,164
45056d71-082a-444e-a223-6e6f2db4fbcd,165
df662812-7f97-0b43-9d3e-12f64f504fbb,166
3e683191-c38b-5166-9ae3-8bfc3b975859,167
545431fb-8c10-7fdd-e6be-2efd4048c558,168
545431fb-8c10-7fdd-e6be-2efd4048c558,169
41869170-ba33-e03d-33d5-14825f397bd3,170
47e1fff1-b9da-5901-dea2-124087ef1ba3,171
3e683191-c38b-5166-9ae3-8bfc3b975859,172
47e1fff1-b9da-5901-dea2-124087ef1ba3,173
47e1fff1-b9da-5901-dea2-124087ef1ba3,174
5087a047-80c5-4aa3-dfdf-30dd8ac88b5e,175
75fa1b35-9aa8-1271-bdd7-638a6120431b,176
47e1fff1-b9da-5901-dea2-124087ef1ba3,177
d6232010-dad0-e9dc-2262-b38d7a29d811,178
0d5171b3-68b3-37c3-cb50-8cd8ccb8930b,179
e0906c05-fae5-9591-ba5f-2142d8b0065a,180
89ed3fd5-2182-e7f5-a95b-ac02f00c9ea4,181
47e1fff1-b9da-5901-dea2-124087ef1ba3,182
ce8c7d08-72d3-c537-68be-ae46d6ffc228,183
47e1fff1-b9da-5901-dea2-124087ef1ba3,184
806c6f1b-d2f6-2e30-929f-fd7c4148c0e8,185
5da6106f-0d27-0d37-e9d7-dcfeccc1f709,186
91638d36-44ab-c37f-2821-55046bbc042e,187
71c25de3-a46d-4bce-aeb5-02c6a321ce06,188
abebf617-5d62-64f0-481c-803909366a00,189
fc5fbe7a-562d-d577-b05e-46797caa134c,190
744f25a6-21f9-131d-a4d9-b1348664741e,191
ce8c7d08-72d3-c537-68be-ae46d6ffc228,192
86537fe4-b762-e63a-8969-2223e1185a2a,193
91638d36-44ab-c37f-2821-55046bbc042e,194
d6232010-dad0-e9dc-2262-b38d7a29d811,195
91638d36-44ab-c37f-2821-55046bbc042e,196
556fccbc-74d7-2f44-5804-9b7d84af722c,197
556fccbc-74d7-2f44-5804-9b7d84af722c,198
e649d0c7-3f41-e2c0-03b7-867ab82fb8d2,199
30be31c8-67a8-2cb5-2668-2e988f0130f8,200
9961e5b4-8c3a-4a5c-8168-d5950d6f907d,201
b25b3682-07f9-d84b-b1cf-54b63f1b2e81,202
b25b3682-07f9-d84b-b1cf-54b63f1b2e81,203
fb1e0239-94df-a94c-56d9-28956a629ed9,204
e693e2f0-50bb-05ab-8a27-4078f5dacf11,205
d36a328a-2e89-50da-4697-07dd2b1bfa5d,206
ab8b5236-f623-4523-a3b9-5aaa59f57643,207
ab8b5236-f623-4523-a3b9-5aaa59f57643,208
e649d0c7-3f41-e2c0-03b7-867ab82fb8d2,209
47e1fff1-b9da-5901-dea2-124087ef1ba3,210
5da6106f-0d27-0d37-e9d7-dcfeccc1f709,211
368e8dcb-0d85-1b7c-7ed5-afe47873f4b5,212
e649d0c7-3f41-e2c0-03b7-867ab82fb8d2,213
47e1fff1-b9da-5901-dea2-124087ef1ba3,214
30811762-616b-0e24-e6f7-9ee1f498ce18,215
47e1fff1-b9da-5901-dea2-124087ef1ba3,216
e5d97b1e-e44d-a390-af79-49362ae09fea,217
90eba7fe-ddbd-e043-67f8-bdfa0710bfd6,218
abebf617-5d62-64f0-481c-803909366a00,219
fc5fbe7a-562d-d577-b05e-46797caa134c,220
47e1fff1-b9da-5901-dea2-124087ef1ba3,221
47e1fff1-b9da-5901-dea2-124087ef1ba3,222
3eae151d-c4b2-9a66-45a7-0dd77cdc3ab1,223
e0906c05-fae5-9591-ba5f-2142d8b0065a,224
abebf617-5d62-64f0-481c-803909366a00,225
47e1fff1-b9da-5901-dea2-124087ef1ba3,226
d6232010-dad0-e9dc-2262-b38d7a29d811,227
e649d0c7-3f41-e2c0-03b7-867ab82fb8d2,228
3e683191-c38b-5166-9ae3-8bfc3b975859,229
e0906c05-fae5-9591-ba5f-2142d8b0065a,230
5e2a0e51-feb9-405b-ae77-e214b18b19b4,231
fc5fbe7a-562d-d577-b05e-46797caa134c,232
2d62fec3-1058-462f-a244-02e3ce3c34a0,233
17a8b776-3a5e-4b38-bf52-940e41c3316a,234
50391bfa-51aa-470f-e2b0-d27da79f4afa,235
47e1fff1-b9da-5901-dea2-124087ef1ba3,236
8b7cd14c-223f-e2e6-9d56-836a3304a615,237
fc5fbe7a-562d-d577-b05e-46797caa134c,238
e0906c05-fae5-9591-ba5f-2142d8b0065a,239
47e1fff1-b9da-5901-dea2-124087ef1ba3,240
91638d36-44ab-c37f-2821-55046bbc042e,241
e0906c05-fae5-9591-ba5f-2142d8b0065a,242
447ec120-685b-4d39-b266-9d5236a0f903,243
47e1fff1-b9da-5901-dea2-124087ef1ba3,244
ab8b5236-f623-4523-a3b9-5aaa59f57643,245
fc5fbe7a-562d-d577-b05e-46797caa134c,246
5087a047-80c5-4aa3-dfdf-30dd8ac88b5e,247
abebf617-5d62-64f0-481c-803909366a00,248
5e2a0e51-feb9-405b-ae77-e214b18b19b4,249
5e2a0e51-feb9-405b-ae77-e214b18b19b4,250
47e1fff1-b9da-5901-dea2-124087ef1ba3,251
47e1fff1-b9da-5901-dea2-124087ef1ba3,252
abebf617-5d62-64f0-481c-803909366a00,253
fb1e0239-94df-a94c-56d9-28956a629ed9,254
38c9f599-0d24-502a-b189-3abe1eda4b69,255
d6232010-dad0-e9dc-2262-b38d7a29d811,256
7196fab4-8c5f-cae4-a6f9-9c9adc0e150c,257
6d74adca-e405-4fba-973e-c35cc262273c,258
47e1fff1-b9da-5901-dea2-124087ef1ba3,259
fc5fbe7a-562d-d577-b05e-46797caa134c,260
744f25a6-21f9-131d-a4d9-b1348664741e,261
5d810b7a-629c-2858-ae4b-72d14309fdda,262
47e1fff1-b9da-5901-dea2-124087ef1ba3,263
abebf617-5d62-64f0-481c-803909366a00,264
ce8c7d08-72d3-c537-68be-ae46d6ffc228,265
30be31c8-67a8-2cb5-2668-2e988f0130f8,266
e8e3de70-5662-f2c6-dd5d-7f23b73bd4b6,267
fc5fbe7a-562d-d577-b05e-46797caa134c,268
47e1fff1-b9da-5901-dea2-124087ef1ba3,269
5da6106f-0d27-0d37-e9d7-dcfeccc1f709,270
5e2a0e51-feb9-405b-ae77-e214b18b19b4,271
55c538c6-da99-201f-1b45-65c938cfd4dd,272
47e1fff1-b9da-5901-dea2-124087ef1ba3,273
d5a41c28-5fb9-43c9-9f5f-6495fee6a7d8,274
75685ae6-5ba1-0ffb-80ba-3c0bf539e04d,275
aeae42a1-3e5d-4496-82f4-3182afbb32f0,276
47e1fff1-b9da-5901-dea2-124087ef1ba3,277
47e1fff1-b9da-5901-dea2-124087ef1ba3,278
ce8c7d08-72d3-c537-68be-ae46d6ffc228,279
0d5171b3-68b3-37c3-cb50-8cd8ccb8930b,280
90eba7fe-ddbd-e043-67f8-bdfa0710bfd6,281
0d5171b3-68b3-37c3-cb50-8cd8ccb8930b,282
0d5171b3-68b3-37c3-cb50-8cd8ccb8930b,283
47e1fff1-b9da-5901-dea2-124087ef1ba3,284
90eba7fe-ddbd-e043-67f8-bdfa0710bfd6,285
5087a047-80c5-4aa3-dfdf-30dd8ac88b5e,286
47e1fff1-b9da-5901-dea2-124087ef1ba3,287
7cbd27a2-8291-4e5f-96eb-ac0a84effa5d,288
5087a047-80c5-4aa3-dfdf-30dd8ac88b5e,289
baad26dc-464d-dcb3-638b-260dd8d3d8be,290
e4739507-5793-4850-9729-ee1d79ad80b8,291
e649d0c7-3f41-e2c0-03b7-867ab82fb8d2,292
0480df4d-8d7b-2d10-1e81-cbfdc2146921,293
5da6106f-0d27-0d37-e9d7-dcfeccc1f709,294
fc5fbe7a-562d-d577-b05e-46797caa134c,295
fbef6457-9149-72cf-af57-7cfbe15c05f8,296
86537fe4-b762-e63a-8969-2223e1185a2a,297
4ed6ff37-27f5-47ae-8ba5-5bb1d3089176,298
4ed6ff37-27f5-47ae-8ba5-5bb1d3089176,299
86537fe4-b762-e63a-8969-2223e1185a2a,300
5e2a0e51-feb9-405b-ae77-e214b18b19b4,301
47e1fff1-b9da-5901-dea2-124087ef1ba3,302
545431fb-8c10-7fdd-e6be-2efd4048c558,303
a4b6b2bc-79ac-4462-b06f-587ae9d2fad0,304
47e1fff1-b9da-5901-dea2-124087ef1ba3,305
3e683191-c38b-5166-9ae3-8bfc3b975859,306
3e683191-c38b-5166-9ae3-8bfc3b975859,307
9961e5b4-8c3a-4a5c-8168-d5950d6f907d,308
52f4bdc1-5c4a-2ccd-837d-133a0a578cda,309
556fccbc-74d7-2f44-5804-9b7d84af722c,310
5e2a0e51-feb9-405b-ae77-e214b18b19b4,311
41869170-ba33-e03d-33d5-14825f397bd3,312
2c23e7ad-4441-5320-fdf9-5aa7007fec0b,313
a2fadb10-9952-b057-f52c-76b5b463caeb,314
27b7a483-5013-48b5-9bcf-e35f375b6c80,315
27b7a483-5013-48b5-9bcf-e35f375b6c80,316
90eba7fe-ddbd-e043-67f8-bdfa0710bfd6,317
a2fadb10-9952-b057-f52c-76b5b463caeb,318
abebf617-5d62-64f0-481c-803909366a00,319
3eae151d-c4b2-9a66-45a7-0dd77cdc3ab1,320
47e1fff1-b9da-5901-dea2-124087ef1ba3,321
fa4d9173-493b-f3d0-b343-c7e884aff7ad,322
e649d0c7-3f41-e2c0-03b7-867ab82fb8d2,323
4a6056f8-a0b6-4bac-b025-2a962a0bd5a2,324
27b7a483-5013-48b5-9bcf-e35f375b6c80,325
bbd3ae58-58e2-d81c-42bf-97d4a07ac0d1,326
90eba7fe-ddbd-e043-67f8-bdfa0710bfd6,327
a02d3969-2526-77b4-538f-f753ce9af3c0,328
359a4a11-5201-3d7d-f7e1-3ac745fbf265,329
7420fba4-e1f1-4599-b822-d433fe512905,330
8e5825f9-25dd-1ed2-8171-41255fc8c0ea,331
abebf617-5d62-64f0-481c-803909366a00,332
47e1fff1-b9da-5901-dea2-124087ef1ba3,333
744f25a6-21f9-131d-a4d9-b1348664741e,334
a087ecfa-bea5-54f0-989d-930073d92007,335
0dec2313-da24-ed32-2201-b332e0c68a39,336
3e683191-c38b-5166-9ae3-8bfc3b975859,337
fc5fbe7a-562d-d577-b05e-46797caa134c,338
e693e2f0-50bb-05ab-8a27-4078f5dacf11,339
d549f439-6052-4ff4-b425-69388f5627d5,340
b25b3682-07f9-d84b-b1cf-54b63f1b2e81,341
90eba7fe-ddbd-e043-67f8-bdfa0710bfd6,342
abebf617-5d62-64f0-481c-803909366a00,343
359a4a11-5201-3d7d-f7e1-3ac745fbf265,344
447ec120-685b-4d39-b266-9d5236a0f903,345
47e1fff1-b9da-5901-dea2-124087ef1ba3,346
152b9184-5cc9-fd83-b532-807e78053c4a,347
d6232010-dad0-e9dc-2262-b38d7a29d811,348
0d5171b3-68b3-37c3-cb50-8cd8ccb8930b,349
5da6106f-0d27-0d37-e9d7-dcfeccc1f709,350
90eba7fe-ddbd-e043-67f8-bdfa0710bfd6,351
fc5fbe7a-562d-d577-b05e-46797caa134c,352
47e1fff1-b9da-5901-dea2-124087ef1ba3,353
50391bfa-51aa-470f-e2b0-d27da79f4afa,354
806c6f1b-d2f6-2e30-929f-fd7c4148c0e8,355
47e1fff1-b9da-5901-dea2-124087ef1ba3,356
abebf617-5d62-64f0-481c-803909366a00,357
d6232010-dad0-e9dc-2262-b38d7a29d811,358
47e1fff1-b9da-5901-dea2-124087ef1ba3,359
47e1fff1-b9da-5901-dea2-124087ef1ba3,360
47e1fff1-b9da-5901-dea2-124087ef1ba3,361
545431fb-8c10-7fdd-e6be-2efd4048c558,362
ad2d79bb-067f-7179-fd64-ded677d08b2b,363
5e2a0e51-feb9-405b-ae77-e214b18b19b4,364
5da6106f-0d27-0d37-e9d7-dcfeccc1f709,365
55c538c6-da99-201f-1b45-65c938cfd4dd,366
47e1fff1-b9da-5901-dea2-124087ef1ba3,367
64cd9f2c-0c92-c6d8-01d7-8114d2212ea6,368
47e1fff1-b9da-5901-dea2-124087ef1ba3,369
359a4a11-5201-3d7d-f7e1-3ac745fbf265,370
fc5fbe7a-562d-d577-b05e-46797caa134c,371
545431fb-8c10-7fdd-e6be-2efd4048c558,372
e649d0c7-3f41-e2c0-03b7-867ab82fb8d2,373
e649d0c7-3f41-e2c0-03b7-867ab82fb8d2,374
5e2a0e51-feb9-405b-ae77-e214b18b19b4,375
fc5fbe7a-562d-d577-b05e-46797caa134c,376
3e683191-c38b-5166-9ae3-8bfc3b975859,377
359a4a11-5201-3d7d-f7e1-3ac745fbf265,378
bd23a50d-2ae3-be33-2a35-383ea9ed13fd,379
abebf617-5d62-64f0-481c-803909366a00,380
e649d0c7-3f41-e2c0-03b7-867ab82fb8d2,381
7196fab4-8c5f-cae4-a6f9-9c9adc0e150c,382
fc5fbe7a-562d-d577-b05e-46797caa134c,383
fc5fbe7a-562d-d577-b05e-46797caa134c,384
d6232010-dad0-e9dc-2262-b38d7a29d811,385
47e1fff1-b9da-5901-dea2-124087ef1ba3,386
d6232010-dad0-e9dc-2262-b38d7a29d811,387
abebf617-5d62-64f0-481c-803909366a00,388
50391bfa-51aa-470f-e2b0-d27da79f4afa,389
ad8efff0-1e05-f89c-c08f-1b40a49edb20,390
ad8efff0-1e05-f89c-c08f-1b40a49edb20,391
47e1fff1-b9da-5901-dea2-124087ef1ba3,392
e1a29c26-a6c2-b208-6ee4-165cf83b1656,393
ce8c7d08-72d3-c537-68be-ae46d6ffc228,394
86537fe4-b762-e63a-8969-2223e1185a2a,395
fbef6457-9149-72cf-af57-7cfbe15c05f8,396
47e1fff1-b9da-5901-dea2-124087ef1ba3,397
5da6106f-0d27-0d37-e9d7-dcfeccc1f709,398
ff698ede-1f70-f8b3-eae2-a371ff048a29,399
86537fe4-b762-e63a-8969-2223e1185a2a,400
2d62fec3-1058-462f-a244-02e3ce3c34a0,401
45056d71-082a-444e-a223-6e6f2db4fbcd,402
45707281-d0bc-c7b4-b59d-8e0c625a5ef7,403
9961e5b4-8c3a-4a5c-8168-d5950d6f907d,404
41869170-ba33-e03d-33d5-14825f397bd3,405
2c23e7ad-4441-5320-fdf9-5aa7007fec0b,406
5087a047-80c5-4aa3-dfdf-30dd8ac88b5e,407
47e1fff1-b9da-5901-dea2-124087ef1ba3,408
30811762-616b-0e24-e6f7-9ee1f498ce18,409
7428f87e-3760-45f1-a4bc-7dae4ecd0677,410
2d62fec3-1058-462f-a244-02e3ce3c34a0,411
45707281-d0bc-c7b4-b59d-8e0c625a5ef7,412
abebf617-5d62-64f0-481c-803909366a00,413
447ec120-685b-4d39-b266-9d5236a0f903,414
ad2d79bb-067f-7179-fd64-ded677d08b2b,415
e649d0c7-3f41-e2c0-03b7-867ab82fb8d2,416
ab8b5236-f623-4523-a3b9-5aaa59f57643,417
45056d71-082a-444e-a223-6e6f2db4fbcd,418
5da6106f-0d27-0d37-e9d7-dcfeccc1f709,419
e1a29c26-a6c2-b208-6ee4-165cf83b1656,420
4a6056f8-a0b6-4bac-b025-2a962a0bd5a2,421
90eba7fe-ddbd-e043-67f8-bdfa0710bfd6,422
90eba7fe-ddbd-e043-67f8-bdfa0710bfd6,423
447ec120-685b-4d39-b266-9d5236a0f903,424
359a4a11-5201-3d7d-f7e1-3ac745fbf265,425
5087a047-80c5-4aa3-dfdf-30dd8ac88b5e,426
359a4a11-5201-3d7d-f7e1-3ac745fbf265,427
ab8b5236-f623-4523-a3b9-5aaa59f57643,428
90eba7fe-ddbd-e043-67f8-bdfa0710bfd6,429
152178e0-3c34-a2a7-abf0-68fc0a7f5997,430
5da6106f-0d27-0d37-e9d7-dcfeccc1f709,431
cc03b884-13b9-4582-9b26-270636d623ad,432
97d7db4c-7d2d-5f2c-569d-2ff61677eecd,433
97d7db4c-7d2d-5f2c-569d-2ff61677eecd,434
3a2485ac-d4e4-14d8-ba59-3cbdb39b61d0,435
0f694f3c-0391-c7c0-5258-7230b0f6adff,436
d5a41c28-5fb9-43c9-9f5f-6495fee6a7d8,437
5087a047-80c5-4aa3-dfdf-30dd8ac88b5e,438
e5d97b1e-e44d-a390-af79-49362ae09fea,439
90eba7fe-ddbd-e043-67f8-bdfa0710bfd6,440
45056d71-082a-444e-a223-6e6f2db4fbcd,441
a7c69d60-5083-08ef-937b-6cef93a9728c,442
45056d71-082a-444e-a223-6e6f2db4fbcd,443
47e1fff1-b9da-5901-dea2-124087ef1ba3,444
d92a8307-9b33-2822-0df8-8f128d1b01be,445
fc5fbe7a-562d-d577-b05e-46797caa134c,446
ab49c193-63c6-680b-7930-8f40e9f55a19,447
5087a047-80c5-4aa3-dfdf-30dd8ac88b5e,448
ce8c7d08-72d3-c537-68be-ae46d6ffc228,449
55c538c6-da99-201f-1b45-65c938cfd4dd,450
744f25a6-21f9-131d-a4d9-b1348664741e,451
47e1fff1-b9da-5901-dea2-124087ef1ba3,452
3e683191-c38b-5166-9ae3-8bfc3b975859,453
47e1fff1-b9da-5901-dea2-124087ef1ba3,454
359a4a11-5201-3d7d-f7e1-3ac745fbf265,455
4ed6ff37-27f5-47ae-8ba5-5bb1d3089176,456
e693e2f0-50bb-05ab-8a27-4078f5dacf11,457
5e2a0e51-feb9-405b-ae77-e214b18b19b4,458
d6232010-dad0-e9dc-2262-b38d7a29d811,459
d6232010-dad0-e9dc-2262-b38d7a29d811,460
abebf617-5d62-64f0-481c-803909366a00,461
5087a047-80c5-4aa3-dfdf-30dd8ac88b5e,462
47e1fff1-b9da-5901-dea2-124087ef1ba3,463
744f25a6-21f9-131d-a4d9-b1348664741e,464
5da6106f-0d27-0d37-e9d7-dcfeccc1f709,465
47e1fff1-b9da-5901-dea2-124087ef1ba3,466
abebf617-5d62-64f0-481c-803909366a00,467
abebf617-5d62-64f0-481c-803909366a00,468
5e2a0e51-feb9-405b-ae77-e214b18b19b4,469
47e1fff1-b9da-5901-dea2-124087ef1ba3,470
47e1fff1-b9da-5901-dea2-124087ef1ba3,471
fc5fbe7a-562d-d577-b05e-46797caa134c,472
abebf617-5d62-64f0-481c-803909366a00,473
17a8b776-3a5e-4b38-bf52-940e41c3316a,474
5da6106f-0d27-0d37-e9d7-dcfeccc1f709,475
e693e2f0-50bb-05ab-8a27-4078f5dacf11,476
3e678670-f849-5a07-92be-083d3cdd1e6d,477
47e1fff1-b9da-5901-dea2-124087ef1ba3,478
e649d0c7-3f41-e2c0-03b7-867ab82fb8d2,479
47e1fff1-b9da-5901-dea2-124087ef1ba3,480
e649d0c7-3f41-e2c0-03b7-867ab82fb8d2,481
a601169b-e10e-45b8-a42a-d0a00751880c,482
d6232010-dad0-e9dc-2262-b38d7a29d811,483
fc5fbe7a-562d-d577-b05e-46797caa134c,484
ce8c7d08-72d3-c537-68be-ae46d6ffc228,485
abebf617-5d62-64f0-481c-803909366a00,486
3e683191-c38b-5166-9ae3-8bfc3b975859,487
d6232010-dad0-e9dc-2262-b38d7a29d811,488
abebf617-5d62-64f0-481c-803909366a00,489
abebf617-5d62-64f0-481c-803909366a00,490
5da6106f-0d27-0d37-e9d7-dcfeccc1f709,491
5da6106f-0d27-0d37-e9d7-dcfeccc1f709,492
3e683191-c38b-5166-9ae3-8bfc3b975859,493
fc5fbe7a-562d-d577-b05e-46797caa134c,494
47e1fff1-b9da-5901-dea2-124087ef1ba3,495
468ef80e-5c3c-40e6-bc96-f14a0eca5413,496
8e5825f9-25dd-1ed2-8171-41255fc8c0ea,497
47e1fff1-b9da-5901-dea2-124087ef1ba3,498
3e683191-c38b-5166-9ae3-8bfc3b975859,499
5087a047-80c5-4aa3-dfdf-30dd8ac88b5e,500
5da6106f-0d27-0d37-e9d7-dcfeccc1f709,501
47e1fff1-b9da-5901-dea2-124087ef1ba3,502
55c538c6-da99-201f-1b45-65c938cfd4dd,503
86537fe4-b762-e63a-8969-2223e1185a2a,504
d92a8307-9b33-2822-0df8-8f128d1b01be,505
abebf617-5d62-64f0-481c-803909366a00,506
806c6f1b-d2f6-2e30-929f-fd7c4148c0e8,507
d6232010-dad0-e9dc-2262-b38d7a29d811,508
3e683191-c38b-5166-9ae3-8bfc3b975859,509
38c9f599-0d24-502a-b189-3abe1eda4b69,510
4ddcc2ef-385e-b155-7ba5-dff9d5384121,511
e99cfc71-8c9d-e5e6-0593-cb82ed79df33,512
3e683191-c38b-5166-9ae3-8bfc3b975859,513
55c538c6-da99-201f-1b45-65c938cfd4dd,514
e649d0c7-3f41-e2c0-03b7-867ab82fb8d2,515
41869170-ba33-e03d-33d5-14825f397bd3,516
3eae151d-c4b2-9a66-45a7-0dd77cdc3ab1,517
545431fb-8c10-7fdd-e6be-2efd4048c558,518
be0c82a0-c98c-26d4-bd3b-04c6b9e061bf,519
47e1fff1-b9da-5901-dea2-124087ef1ba3,520
074f96e0-a606-794f-083f-1a9b466e3a2c,521
545431fb-8c10-7fdd-e6be-2efd4048c558,522
545431fb-8c10-7fdd-e6be-2efd4048c558,523
50afa330-f315-89db-5b60-539973436d6d,524
fe495c07-5d24-47f3-8773-4c6e7007e2e0,525
e1a29c26-a6c2-b208-6ee4-165cf83b1656,526
b658dbae-457e-50c8-3ef5-02c9ba8c20dd,527
45707281-d0bc-c7b4-b59d-8e0c625a5ef7,528
