fb1e0239-94df-a94c-56d9-28956a629ed9,ef8ccfb9-9d73-4197-850c-9f010ea5b938
fb1e0239-94df-a94c-56d9-28956a629ed9,dbcaaba7-a3a1-0c09-237a-cb19771e8c84
fb1e0239-94df-a94c-56d9-28956a629ed9,3b9cac3f-fbe4-3285-bcde-98ec14d33dcb
fb1e0239-94df-a94c-56d9-28956a629ed9,1945ec92-2aa5-4d21-bd57-1dab35f26612
fb1e0239-94df-a94c-56d9-28956a629ed9,0422b197-f5c2-4d5f-8f6a-243b40609059
fb1e0239-94df-a94c-56d9-28956a629ed9,23f7ea5f-39e7-90eb-0857-b185b81006fc
fb1e0239-94df-a94c-56d9-28956a629ed9,048af546-5488-9d37-0542-7bfb70a4665b
fb1e0239-94df-a94c-56d9-28956a629ed9,d95dcd6b-eb81-5a8f-fa70-b1c993bb0f57
fb1e0239-94df-a94c-56d9-28956a629ed9,37af402e-1097-01ce-e082-15ff8ad43049
fb1e0239-94df-a94c-56d9-28956a629ed9,8f739114-2169-3646-9582-d366cc4c5f6a
fb1e0239-94df-a94c-56d9-28956a629ed9,66d419e3-e9cd-8f39-578a-f704d9296860
fb1e0239-94df-a94c-56d9-28956a629ed9,ab0b87cc-93f4-98a2-a2a7-43cbc8b40787
fb1e0239-94df-a94c-56d9-28956a629ed9,47e5342e-6f89-8e9f-a62f-032926a832a8
fb1e0239-94df-a94c-56d9-28956a629ed9,d07fa2e9-0da3-8564-cfd3-c768fbbfef70
fb1e0239-94df-a94c-56d9-28956a629ed9,3f7236d4-7860-7faa-5993-6c3287e43347
fb1e0239-94df-a94c-56d9-28956a629ed9,d7bf6472-5c00-5527-a784-1b872252ca45
fb1e0239-94df-a94c-56d9-28956a629ed9,2f58b12d-645f-99db-374d-fc5972d34a9c
fb1e0239-94df-a94c-56d9-28956a629ed9,ce49065a-03ca-0612-e2e9-dbee92746811
fb1e0239-94df-a94c-56d9-28956a629ed9,cb8fccc1-bc33-45c9-0ce8-06183de32c24
fb1e0239-94df-a94c-56d9-28956a629ed9,7dc3c2cc-1763-694c-cad8-9eabeb880503
fb1e0239-94df-a94c-56d9-28956a629ed9,34928166-5fd5-876d-3871-c8a51c086138
fb1e0239-94df-a94c-56d9-28956a629ed9,0307b6d0-c5dd-69d3-8695-8fa7d73a31c0
fb1e0239-94df-a94c-56d9-28956a629ed9,c31dfa03-eab7-1fe5-2193-b958c3285956
fb1e0239-94df-a94c-56d9-28956a629ed9,fda7aac5-0869-3894-84f7-8dcd7df1e9d2
fb1e0239-94df-a94c-56d9-28956a629ed9,e9c2c077-4fbc-1077-b7ec-0feecdc4352a
fb1e0239-94df-a94c-56d9-28956a629ed9,8ae25dea-c95d-4d81-7abf-08e7f77effc8
fb1e0239-94df-a94c-56d9-28956a629ed9,fd6f1638-5fc0-41f7-7bd4-7ba6e6285010
fb1e0239-94df-a94c-56d9-28956a629ed9,4b46ebb6-a60e-0c55-82b0-31887fc163fa
fb1e0239-94df-a94c-56d9-28956a629ed9,7d3777f4-9485-b16b-3d72-ba6daf4c1566
fb1e0239-94df-a94c-56d9-28956a629ed9,40524459-b59c-e935-9259-89c7195df536
fb1e0239-94df-a94c-56d9-28956a629ed9,1ea93e4f-355c-999b-a61d-96482d7e42ee
fb1e0239-94df-a94c-56d9-28956a629ed9,dd30a983-f8a8-c348-13cb-5af129bead61
fb1e0239-94df-a94c-56d9-28956a629ed9,bb6df054-4c1b-9e7b-201d-fe2640abb10c
fb1e0239-94df-a94c-56d9-28956a629ed9,8a29ad3a-0a61-5c2e-44e7-d6c38f02d851
fb1e0239-94df-a94c-56d9-28956a629ed9,80d34573-fcb3-bc8f-17e7-9b960e3be54b
fb1e0239-94df-a94c-56d9-28956a629ed9,cea4ea89-a4cb-dd1b-82fe-c3b296a6507a
fb1e0239-94df-a94c-56d9-28956a629ed9,40dff9f3-4299-e7dd-a720-e97076275bee
fb1e0239-94df-a94c-56d9-28956a629ed9,624e0cbb-b9df-caaf-ebae-6a03f9de83bf
fb1e0239-94df-a94c-56d9-28956a629ed9,9590b363-4f07-1763-b62b-101af25e97d0
fb1e0239-94df-a94c-56d9-28956a629ed9,3c8f1ae9-16f1-bd5f-2800-63756ed685de
fb1e0239-94df-a94c-56d9-28956a629ed9,065f440a-7154-4b16-b71a-a29e90db9dc0
fb1e0239-94df-a94c-56d9-28956a629ed9,b383bd9c-d4d0-f94e-31e1-f114d930a721
fb1e0239-94df-a94c-56d9-28956a629ed9,7781cd12-abbd-4938-8b6d-5a3973e2c6a5
fb1e0239-94df-a94c-56d9-28956a629ed9,a3546d2c-8e78-17cb-c53c-3c2f0f5f1ba6
fb1e0239-94df-a94c-56d9-28956a629ed9,ebb36cf7-91bd-67ae-d2ce-6876095b0b9b
fb1e0239-94df-a94c-56d9-28956a629ed9,780eda0d-dfbd-05c5-319e-8a532680259e
fb1e0239-94df-a94c-56d9-28956a629ed9,79a70686-2cb2-c44a-6cab-5d58f2d07059
fb1e0239-94df-a94c-56d9-28956a629ed9,86a988a1-4c21-6ae7-3aca-6cc7731d0f22
fb1e0239-94df-a94c-56d9-28956a629ed9,877138b9-d0d5-6993-cf9d-c16c8543a002
fb1e0239-94df-a94c-56d9-28956a629ed9,696544e7-4321-3913-7cb8-b1ef7cf297ad
5eb2a07d-72ad-1130-0ae0-321088467635,dc2e99e8-39d2-41bf-303b-badd4db4f574
5eb2a07d-72ad-1130-0ae0-321088467635,463f901c-70e0-42e7-9bdf-027624ae92e0
5eb2a07d-72ad-1130-0ae0-321088467635,e247f374-3371-21d7-2753-4bd6bc638495
5eb2a07d-72ad-1130-0ae0-321088467635,7eea413c-18ee-61ec-5114-88255c96e336
5eb2a07d-72ad-1130-0ae0-321088467635,4cb6b0ad-6ea0-a3f1-bee4-805c0c7497bf
5eb2a07d-72ad-1130-0ae0-321088467635,b4b2f09c-1886-1d82-ea23-3da52f96b024
5eb2a07d-72ad-1130-0ae0-321088467635,2d84b76f-363d-a052-6cfc-29b4ebeb46fe
5eb2a07d-72ad-1130-0ae0-321088467635,7982fdfb-b6d5-f90d-7a93-7b90fe1023f0
5eb2a07d-72ad-1130-0ae0-321088467635,7d594dd7-8441-3abd-68a4-f1f56c97f2cf
5eb2a07d-72ad-1130-0ae0-321088467635,4829ad05-4df9-a8d7-76e6-f1c3b90ae81f
5eb2a07d-72ad-1130-0ae0-321088467635,dd63af5e-4932-d27f-7fb8-9f0d196c660f
5eb2a07d-72ad-1130-0ae0-321088467635,e0323d45-7ff7-45a0-bc8d-ec52395e5fe3
5eb2a07d-72ad-1130-0ae0-321088467635,8b856055-d569-47d3-8ea9-a3a616011343
5eb2a07d-72ad-1130-0ae0-321088467635,ed361a61-4759-47be-245c-7c2db8d342fc
5eb2a07d-72ad-1130-0ae0-321088467635,a33096bd-4eef-3e57-3969-26210ea9419b
5eb2a07d-72ad-1130-0ae0-321088467635,041c54fa-af28-6951-1b55-1c4c7032b13a
5eb2a07d-72ad-1130-0ae0-321088467635,9a561f38-d40a-a8bb-2bf0-ecbf41e52f00
5eb2a07d-72ad-1130-0ae0-321088467635,37f242e3-141b-5185-89e1-f0083af3eccc
5eb2a07d-72ad-1130-0ae0-321088467635,24317461-4545-19c3-de6b-c6a732b7dcce
5eb2a07d-72ad-1130-0ae0-321088467635,1c6d3256-1530-fced-1997-879a35967475
5eb2a07d-72ad-1130-0ae0-321088467635,032369a6-c0c9-974c-3cab-c85ed3282a87
c4d961d7-5e96-4b8b-8228-e6f2053a1567,a6ffa2fc-5894-319d-c58a-8e71960f407c
79c46ed0-ed51-22ba-7abc-98478bd6d506,d48e6036-0da8-bab8-d991-0ae67272eb41
79c46ed0-ed51-22ba-7abc-98478bd6d506,6fd69a61-9f1b-7f44-94e6-6a6dfb5fe364
ebd268b0-4b0a-337e-372c-aa177e96982d,d029baea-61dd-bd9c-e970-dc9298fe5878
b9d62289-d55f-2692-f290-1433172f8289,9cd69757-fead-40f6-9d01-136402175c94
b9d62289-d55f-2692-f290-1433172f8289,da51e48c-1a78-4974-bc6a-7d6e8b41e100
b9d62289-d55f-2692-f290-1433172f8289,ca605195-3f9a-5ef7-9eba-04bfca84beee
b9d62289-d55f-2692-f290-1433172f8289,84a4cc56-6bb5-5730-2543-f0c894f2e366
b9d62289-d55f-2692-f290-1433172f8289,b1f4d681-cb23-1108-9e96-2778061cfee6
b9d62289-d55f-2692-f290-1433172f8289,087a6ce5-6fc3-0e58-bca2-583059e564c2
b9d62289-d55f-2692-f290-1433172f8289,c7ff551d-9da8-13b5-1499-8e084aefe996
b9d62289-d55f-2692-f290-1433172f8289,793a30c8-f2b1-ad4c-f619-bc4dedc439e0
b9d62289-d55f-2692-f290-1433172f8289,512537d0-4be0-b736-2bb5-27099afd300f
b9d62289-d55f-2692-f290-1433172f8289,45850fe7-2e7d-2a8a-bf70-c11fc53d4cda
b9d62289-d55f-2692-f290-1433172f8289,d9ac880e-9da7-8372-7249-bd633cdf87ee
b9d62289-d55f-2692-f290-1433172f8289,441d65fd-91b6-c652-406d-bbacddd5a0c0
b9d62289-d55f-2692-f290-1433172f8289,62e9ae97-6943-4ca7-fbad-92bc5758deaa
b9d62289-d55f-2692-f290-1433172f8289,b31ececb-66c1-5eeb-c711-69d9307d03b5
b9d62289-d55f-2692-f290-1433172f8289,2f8c4d14-03be-48b6-e95d-91f2d1288336
b9d62289-d55f-2692-f290-1433172f8289,654a5363-8543-0931-2344-ee012b82651d
b9d62289-d55f-2692-f290-1433172f8289,1b47edbc-2341-0439-2a94-0d7323aa394d
3e678670-f849-5a07-92be-083d3cdd1e6d,8f0ebb75-ad73-1ee6-32df-433378f783f3
3e678670-f849-5a07-92be-083d3cdd1e6d,dd3963d9-f07a-25c6-bd4b-d565b4ae41ab
3e678670-f849-5a07-92be-083d3cdd1e6d,31e830d5-1ba2-dd2f-c9bc-205e7a117b13
3e678670-f849-5a07-92be-083d3cdd1e6d,b632576c-c2fe-032e-1ce3-c7ea960d0c4a
3e678670-f849-5a07-92be-083d3cdd1e6d,3d7b6af0-eb3a-5981-bc80-fb3aa92c6a21
3e678670-f849-5a07-92be-083d3cdd1e6d,83122b34-d79c-606e-ec02-5a547d1a5c7c
3e678670-f849-5a07-92be-083d3cdd1e6d,252f8724-f96d-0b5e-1dd6-fccbb5b288b7
3e678670-f849-5a07-92be-083d3cdd1e6d,6438effd-82d1-c440-5dd9-b14010d9a264
3e678670-f849-5a07-92be-083d3cdd1e6d,1f9658a2-e6d4-4e8e-b2a6-6dcf0a912a57
3e678670-f849-5a07-92be-083d3cdd1e6d,d356de6c-f17e-f3ab-2671-2c68dedcbb97
fc5fbe7a-562d-d577-b05e-46797caa134c,1c81e391-5447-1a9c-1273-c70f65427b13
fc5fbe7a-562d-d577-b05e-46797caa134c,189f1d11-1d61-4512-bce2-eca4e861e103
fc5fbe7a-562d-d577-b05e-46797caa134c,bc06a9fd-297f-49c0-bf5e-7e7c75973664
fc5fbe7a-562d-d577-b05e-46797caa134c,2aea0dc0-08fb-4087-a406-9234e982bb45
fc5fbe7a-562d-d577-b05e-46797caa134c,441f4a41-b3a2-0b12-d3c1-692819e6be5f
fc5fbe7a-562d-d577-b05e-46797caa134c,76a404a6-ba5a-36db-a53c-78e24c3889b7
fc5fbe7a-562d-d577-b05e-46797caa134c,bd67d52e-356a-4b4c-9658-8bf326afcf10
fc5fbe7a-562d-d577-b05e-46797caa134c,3c66708a-9bde-4eaa-8349-9ceb46c1a489
fc5fbe7a-562d-d577-b05e-46797caa134c,3d3091e2-163f-c461-f758-0a89c7deecfa
fc5fbe7a-562d-d577-b05e-46797caa134c,427e8f37-684f-1cdf-cc36-a1ee0faf9701
fc5fbe7a-562d-d577-b05e-46797caa134c,b1a96c89-447b-ae8a-118c-bb9324f81cb9
fc5fbe7a-562d-d577-b05e-46797caa134c,30174419-7927-425a-bfc1-80718f23f7e8
fc5fbe7a-562d-d577-b05e-46797caa134c,094b46e8-c8ab-4105-ad45-7f25435befb8
fc5fbe7a-562d-d577-b05e-46797caa134c,b5a83622-b590-44f4-bc68-cff84db0c069
fc5fbe7a-562d-d577-b05e-46797caa134c,ec3bc556-aa72-0aeb-3b3f-0cd84393e753
fc5fbe7a-562d-d577-b05e-46797caa134c,e35fb854-ef6b-42c6-ba99-e96c1466dd92
fc5fbe7a-562d-d577-b05e-46797caa134c,b40e91ff-18e0-b45e-cdcf-196aa0ab08e5
fc5fbe7a-562d-d577-b05e-46797caa134c,257d168c-c78d-7921-45eb-b7372ceddfb1
fc5fbe7a-562d-d577-b05e-46797caa134c,d0732800-1034-c828-a6d0-b65c08a9db10
fc5fbe7a-562d-d577-b05e-46797caa134c,1836de53-64b6-4462-9b9f-0c9b0361d481
fc5fbe7a-562d-d577-b05e-46797caa134c,675ea15f-3f38-1db4-845b-1ac9fcbd2360
fc5fbe7a-562d-d577-b05e-46797caa134c,ab0e0dfd-5b64-4ef8-ba1b-683b6db37b21
fc5fbe7a-562d-d577-b05e-46797caa134c,5d3658f8-587d-d340-6e5b-5f5ac5ed26e8
fc5fbe7a-562d-d577-b05e-46797caa134c,78e89038-19ab-5ab6-83cd-57617ee57efa
fc5fbe7a-562d-d577-b05e-46797caa134c,40650b10-d023-4e0a-e698-c3a90ebbdd3f
fc5fbe7a-562d-d577-b05e-46797caa134c,c45d93c7-23ee-3e91-95c1-2a69bc27794f
fc5fbe7a-562d-d577-b05e-46797caa134c,39ec6d39-0933-de3b-9aca-90d5d6c64435
fc5fbe7a-562d-d577-b05e-46797caa134c,360fc7a1-66cc-325f-362d-3e97cff0dbe6
fc5fbe7a-562d-d577-b05e-46797caa134c,bd10e2c0-7978-bbad-49d8-65a4de212255
fc5fbe7a-562d-d577-b05e-46797caa134c,9b9aaae1-0351-9e6d-46a3-3db9c1fdc9ef
fc5fbe7a-562d-d577-b05e-46797caa134c,e6af5c66-5c8e-a709-e2dc-fea5979922e2
fc5fbe7a-562d-d577-b05e-46797caa134c,1ecfac29-dadc-cecc-9d2b-8d0daf20a6ca
fc5fbe7a-562d-d577-b05e-46797caa134c,a58d2b03-03b6-9484-30ef-b4b82ccd4f04
fc5fbe7a-562d-d577-b05e-46797caa134c,3d0108c9-cc00-df18-5b75-fd207ab7c074
fc5fbe7a-562d-d577-b05e-46797caa134c,dfe90eaf-48bc-290b-0a76-8c8d0de23dab
fc5fbe7a-562d-d577-b05e-46797caa134c,fcfa4654-b8f9-b0b7-51c9-fd1aa34b9357
fc5fbe7a-562d-d577-b05e-46797caa134c,7e525dcf-569d-b8c6-13e8-097e27624362
fc5fbe7a-562d-d577-b05e-46797caa134c,49a7f979-8f82-dfcc-d202-308f9bd1e199
fc5fbe7a-562d-d577-b05e-46797caa134c,0580c3cd-d97a-e14c-a122-15906fa799f6
fc5fbe7a-562d-d577-b05e-46797caa134c,c292b1b7-b4bd-3196-3cc1-0da343ebfdcb
fc5fbe7a-562d-d577-b05e-46797caa134c,22a71d4b-0a7a-a681-e167-5066a271c933
fc5fbe7a-562d-d577-b05e-46797caa134c,8a5cdc4c-6be5-95c3-b6fd-0dc5ca4a00fb
fc5fbe7a-562d-d577-b05e-46797caa134c,66458950-cb7a-cc0d-573a-1ec0d4cb54b5
fc5fbe7a-562d-d577-b05e-46797caa134c,cfbb6574-96c1-b7dd-0913-fc1d4da4858a
fc5fbe7a-562d-d577-b05e-46797caa134c,b3f68589-dffe-2246-2ae7-841f1e214e76
fc5fbe7a-562d-d577-b05e-46797caa134c,42ea9f75-72c4-be74-8d24-915de578667c
fc5fbe7a-562d-d577-b05e-46797caa134c,e1f84f64-69a5-2161-99ce-2033463a2178
fc5fbe7a-562d-d577-b05e-46797caa134c,bd2ec3f2-5a39-4de0-01c6-95bb81d1bd92
fc5fbe7a-562d-d577-b05e-46797caa134c,17704c87-fd80-f8f3-befb-e233178f3e84
fc5fbe7a-562d-d577-b05e-46797caa134c,9b18128c-275d-f4c4-b972-adcb7c51a941
fc5fbe7a-562d-d577-b05e-46797caa134c,2db66467-ef7e-6bbc-9850-9802c862e280
fc5fbe7a-562d-d577-b05e-46797caa134c,3e8f274b-a328-4075-55d7-f07be4ebc4d0
fc5fbe7a-562d-d577-b05e-46797caa134c,e212a930-25b3-2de3-3c6c-19f0965fcb47
fc5fbe7a-562d-d577-b05e-46797caa134c,c54d08f4-7de2-8024-df2c-b04e7cfaaf8d
fc5fbe7a-562d-d577-b05e-46797caa134c,fed75f2e-f849-51d0-a5a5-e664774cd281
fc5fbe7a-562d-d577-b05e-46797caa134c,3b8b85c1-f534-b49a-f1ac-b600ab5059e6
fc5fbe7a-562d-d577-b05e-46797caa134c,5e2e4a28-61a0-464d-9149-cd787df09200
fc5fbe7a-562d-d577-b05e-46797caa134c,6f0a203d-4e09-0821-fb78-6d28ffa88d12
fc5fbe7a-562d-d577-b05e-46797caa134c,731e5b4e-82e6-1f34-24c8-caa820bd88f1
fc5fbe7a-562d-d577-b05e-46797caa134c,f73a5a11-febe-deef-6f31-34c5a8bf30b4
fc5fbe7a-562d-d577-b05e-46797caa134c,c0087a2e-5065-d485-e1d3-d0032fb892a2
fc5fbe7a-562d-d577-b05e-46797caa134c,2d045ec7-4b5f-b19e-32a8-e256ee8b86e6
fc5fbe7a-562d-d577-b05e-46797caa134c,3836a7db-cf84-574f-b1e5-4303932ccf6e
fc5fbe7a-562d-d577-b05e-46797caa134c,ab4954e1-b7f4-5333-1397-349202a09f7a
fc5fbe7a-562d-d577-b05e-46797caa134c,6a041fff-a556-e990-9a6a-3ffa635c43f9
fc5fbe7a-562d-d577-b05e-46797caa134c,efd01f82-8bc9-0a12-c130-bce0cf502d08
fc5fbe7a-562d-d577-b05e-46797caa134c,baff5f03-1adc-3b56-3d7a-9b446f7d3cea
fc5fbe7a-562d-d577-b05e-46797caa134c,36c1cf5a-0f9c-a7c0-03c0-981373477318
fc5fbe7a-562d-d577-b05e-46797caa134c,23ad3654-b551-fbb1-63c0-2a223df8ae95
fc5fbe7a-562d-d577-b05e-46797caa134c,cf5d9d8c-145e-92a5-5553-e6307346bd95
fc5fbe7a-562d-d577-b05e-46797caa134c,fe3ccd08-c2c3-5382-8d33-237582935afd
fc5fbe7a-562d-d577-b05e-46797caa134c,84130bca-4ef1-175a-1880-4495634fd18e
fc5fbe7a-562d-d577-b05e-46797caa134c,85ce1304-1631-b9e0-95d6-21f68493fce5
fc5fbe7a-562d-d577-b05e-46797caa134c,c54fe1cb-a84b-a0e2-d183-1fb59b44cf8c
fc5fbe7a-562d-d577-b05e-46797caa134c,7a115e46-1aa0-a6c9-2b3f-c93f2ec4f7a0
fc5fbe7a-562d-d577-b05e-46797caa134c,2af19711-bee5-24f7-bd6a-a18cdafe6781
fc5fbe7a-562d-d577-b05e-46797caa134c,8e5e5dc1-5601-5849-29c3-d8bd7aaf1c80
fc5fbe7a-562d-d577-b05e-46797caa134c,c816d1bf-f2dc-4f00-bb59-d85d84aab721
fc5fbe7a-562d-d577-b05e-46797caa134c,76f5c7ad-ae29-c88d-afbe-bd6aa8ef8c95
fc5fbe7a-562d-d577-b05e-46797caa134c,b3069776-12eb-eb82-3c19-93fd054fad06
fc5fbe7a-562d-d577-b05e-46797caa134c,b7abb920-66f7-fe8d-2fce-7046a8ffcc49
fc5fbe7a-562d-d577-b05e-46797caa134c,fa45953f-9f81-0c5f-9164-c54feafd2fdd
fc5fbe7a-562d-d577-b05e-46797caa134c,5118251e-a951-e92f-5dde-7466fadeb61c
fc5fbe7a-562d-d577-b05e-46797caa134c,3c9c1e4c-c225-515d-156c-c589faeaed09
fc5fbe7a-562d-d577-b05e-46797caa134c,6a51a68d-8c0a-70ea-b4ae-fe7baf0c9f3b
fc5fbe7a-562d-d577-b05e-46797caa134c,509c2a38-6f84-0a17-971d-83dd520db61c
fc5fbe7a-562d-d577-b05e-46797caa134c,b86e2028-85c3-72ec-0378-a28b6af8899b
fc5fbe7a-562d-d577-b05e-46797caa134c,4a7546e0-4893-82fe-6934-8fabdd566e6a
fc5fbe7a-562d-d577-b05e-46797caa134c,1facae3e-cd32-1ace-aa76-b2785d553871
fc5fbe7a-562d-d577-b05e-46797caa134c,9c0a1691-dd89-a985-6b45-b7173654eb7e
fc5fbe7a-562d-d577-b05e-46797caa134c,363607ab-697b-5ded-ef9f-9d45a816f5bf
fc5fbe7a-562d-d577-b05e-46797caa134c,b0bb8e2f-60fb-b4b8-cf77-42f7e220fbf1
fc5fbe7a-562d-d577-b05e-46797caa134c,63c14588-33e6-403f-767a-96c0a45f924b
fc5fbe7a-562d-d577-b05e-46797caa134c,9ce88e78-81e3-b3bd-7dc5-94b59530da91
fc5fbe7a-562d-d577-b05e-46797caa134c,602f80bc-a7d7-d682-c6cb-953b9f38de46
fc5fbe7a-562d-d577-b05e-46797caa134c,6a8d0646-986e-b7bc-0b66-500db41bef34
fc5fbe7a-562d-d577-b05e-46797caa134c,bf006d5f-a3a7-d3be-f7db-a4eb862948e9
fc5fbe7a-562d-d577-b05e-46797caa134c,f6f8f27d-9ec3-960f-1ce7-1738585fc7c0
fc5fbe7a-562d-d577-b05e-46797caa134c,381f5465-ff03-3ad6-229d-818423866cd8
fc5fbe7a-562d-d577-b05e-46797caa134c,a2085ed2-e335-9aa8-28a5-0c73bb3d8149
e5c00cbd-ff5b-5600-d13a-6abc1181d1ed,175e4d9d-0f3d-7c6c-688f-9745354c7156
e5c00cbd-ff5b-5600-d13a-6abc1181d1ed,c5192f03-dec5-2e0b-9aef-abdec7467ef9
e5c00cbd-ff5b-5600-d13a-6abc1181d1ed,aaa4bab1-64e5-4c6f-a02a-30799b1bb3cd
e5c00cbd-ff5b-5600-d13a-6abc1181d1ed,1f4b2c6c-f31c-71e5-41ca-b98edbb17242
e5c00cbd-ff5b-5600-d13a-6abc1181d1ed,8c5ba680-dddc-6d32-c658-3088a2d59930
e5c00cbd-ff5b-5600-d13a-6abc1181d1ed,6c7921c9-47c5-5f67-2e55-634fb9155599
e5c00cbd-ff5b-5600-d13a-6abc1181d1ed,607eaba5-b1ba-d875-5aa9-29cfd9e788da
e5c00cbd-ff5b-5600-d13a-6abc1181d1ed,8dfc3629-b477-41a7-3ede-1f6b7cfdbeed
e5c00cbd-ff5b-5600-d13a-6abc1181d1ed,72eabc05-eef1-4668-9c69-816cd8c5acc1
e5c00cbd-ff5b-5600-d13a-6abc1181d1ed,c4fef69d-af2a-c9d7-7d22-38c59934898b
e5c00cbd-ff5b-5600-d13a-6abc1181d1ed,02ecf426-3798-6c61-5de7-fbdba86b3697
e5c00cbd-ff5b-5600-d13a-6abc1181d1ed,c0e1bb3f-d095-e0ba-309c-4f17ae6e465e
e5c00cbd-ff5b-5600-d13a-6abc1181d1ed,d59df2eb-2a7e-1a29-1135-11030ffa4894
e5c00cbd-ff5b-5600-d13a-6abc1181d1ed,466ab248-a798-1feb-c21d-af2c1f997424
e5c00cbd-ff5b-5600-d13a-6abc1181d1ed,46005c28-b826-43fa-e572-33f869220abd
e5c00cbd-ff5b-5600-d13a-6abc1181d1ed,db07babf-ae5f-26b3-8ed1-3ccf9f5c7981
7ef1577a-8779-8044-4a42-669b796f8e4f,35523ef4-55c2-485b-82ef-bdea860c6526
7ef1577a-8779-8044-4a42-669b796f8e4f,c6cbcf7d-f391-42b7-b79f-77bd9aed8f82
7ef1577a-8779-8044-4a42-669b796f8e4f,f5feb384-c445-431f-ae2b-c08a0cbc450d
7ef1577a-8779-8044-4a42-669b796f8e4f,6772ed8d-f7ba-04ae-1c06-c5a36da5f57f
7ef1577a-8779-8044-4a42-669b796f8e4f,c9e34f0f-9f30-524b-f1ec-4e012144e1eb
7ef1577a-8779-8044-4a42-669b796f8e4f,5fc7eb21-d78c-9583-c392-a85357e98b9e
7ef1577a-8779-8044-4a42-669b796f8e4f,2036cc6a-bfb9-5d2f-8104-8078d84cba93
7ef1577a-8779-8044-4a42-669b796f8e4f,835ae3ab-6075-fb43-52e4-88198b69f8be
7ef1577a-8779-8044-4a42-669b796f8e4f,72e5a7b4-5d49-ebe1-1e73-6e011706f4b0
7ef1577a-8779-8044-4a42-669b796f8e4f,ec7c91ee-9d2c-9d3a-db62-0ae93f4afda4
7ef1577a-8779-8044-4a42-669b796f8e4f,fd8a922b-417a-dc68-c7c1-39649566faf6
7ef1577a-8779-8044-4a42-669b796f8e4f,7f982add-8f96-1f6b-e4c1-40562a536c58
7ef1577a-8779-8044-4a42-669b796f8e4f,30e73da1-d37e-4bfd-9095-219e175e6fc9
7ef1577a-8779-8044-4a42-669b796f8e4f,b83b2e1a-3ba1-f872-9353-1854a354d9b4
7ef1577a-8779-8044-4a42-669b796f8e4f,7053ca7d-caa2-674f-8dde-508ec4567b69
7ef1577a-8779-8044-4a42-669b796f8e4f,a3f6571b-8f89-ab53-23fc-469e33fd7e49
7ef1577a-8779-8044-4a42-669b796f8e4f,14bf51e3-8e99-a88c-6f1a-bd118dd3492e
7ef1577a-8779-8044-4a42-669b796f8e4f,d243ee16-2c44-816c-038e-685753bdc18a
7ef1577a-8779-8044-4a42-669b796f8e4f,f8182ad8-18e5-4880-8563-d2b81786dff7
7ef1577a-8779-8044-4a42-669b796f8e4f,ecc7e64b-ec39-8ada-199b-40e334dd456e
7ef1577a-8779-8044-4a42-669b796f8e4f,3850a44f-9578-a463-d1d8-0e32c820da8b
7ef1577a-8779-8044-4a42-669b796f8e4f,c061d69d-335b-4fa5-06c2-497fb5a3140a
7ef1577a-8779-8044-4a42-669b796f8e4f,b3bea9bd-4ad8-54af-037f-90db6b46b849
7ef1577a-8779-8044-4a42-669b796f8e4f,470c613a-edb5-e397-34d9-844735a3ff40
7ef1577a-8779-8044-4a42-669b796f8e4f,6160c8d1-743f-60ed-8124-1835f13f61c9
7ef1577a-8779-8044-4a42-669b796f8e4f,5a8fb8f3-cc52-5278-6c53-961ac2996470
7ef1577a-8779-8044-4a42-669b796f8e4f,48d9603f-a1e4-2481-af90-ee8acab7a5bc
7ef1577a-8779-8044-4a42-669b796f8e4f,ba8433cb-4cee-c27d-0f8c-a5767c30dcb9
7ef1577a-8779-8044-4a42-669b796f8e4f,d42971eb-c3ee-0794-3ca2-7b6fe44ca940
7ef1577a-8779-8044-4a42-669b796f8e4f,39681745-5bdd-21c5-b2fa-0d72a29d5932
7ef1577a-8779-8044-4a42-669b796f8e4f,784c4798-d469-93fd-a7b2-430657eac3ee
7ef1577a-8779-8044-4a42-669b796f8e4f,445e8d3d-1095-ab04-62fd-75fe3632b64f
7ef1577a-8779-8044-4a42-669b796f8e4f,3887cf7c-1eaf-3138-832a-64cc250611f6
bd23a50d-2ae3-be33-2a35-383ea9ed13fd,b482e56d-75d4-58b5-c93d-a312b2a88e61
bd23a50d-2ae3-be33-2a35-383ea9ed13fd,5ad3bf74-9c40-3f38-03b1-f90799c48993
bd23a50d-2ae3-be33-2a35-383ea9ed13fd,906d3a37-4716-9ee7-4cfa-e2b3dc1dbac3
bd23a50d-2ae3-be33-2a35-383ea9ed13fd,c44426af-bd49-40a4-e210-032178494850
bd23a50d-2ae3-be33-2a35-383ea9ed13fd,818aca9f-a609-94cd-5fc5-b0c20006e35a
bd23a50d-2ae3-be33-2a35-383ea9ed13fd,7555dcbd-ceed-2613-1d7b-bd5f24227b12
bd23a50d-2ae3-be33-2a35-383ea9ed13fd,d95ba6d7-dced-7992-938f-7692011bbea9
bd23a50d-2ae3-be33-2a35-383ea9ed13fd,ac4e4880-3026-16f3-551c-647d09046b53
bd23a50d-2ae3-be33-2a35-383ea9ed13fd,c2970f26-9e3f-db85-2777-d6e5c5a5a5a7
6241c5c3-6dbe-3495-ff65-71c36f2358b0,5301e41d-3d9d-a9ad-a878-b8477df7a536
6241c5c3-6dbe-3495-ff65-71c36f2358b0,4634638f-b276-44bd-b86c-dc708304e808
6241c5c3-6dbe-3495-ff65-71c36f2358b0,36a62261-9bb9-ab43-ef9d-1bbbe8730b5b
6241c5c3-6dbe-3495-ff65-71c36f2358b0,aa514876-b64e-4086-8f53-6e5e2b0a802b
6241c5c3-6dbe-3495-ff65-71c36f2358b0,4a377dcd-81e2-46fc-515f-5b5d6dc1d37d
d5c5da54-9f6f-e1f5-b98b-83beffac92d3,7039037a-938e-df2c-1e0b-3e7dba15e707
d5c5da54-9f6f-e1f5-b98b-83beffac92d3,afe64bc4-97bb-4ad3-947a-d6fe8f42e06a
ac6ef54a-1f35-a468-2001-f04dd3fc035e,e24e7f32-ed12-899d-765c-f9497d2c55e7
ac6ef54a-1f35-a468-2001-f04dd3fc035e,e2065e09-f3c3-4b21-a377-329b0e529941
ac6ef54a-1f35-a468-2001-f04dd3fc035e,a10e9a67-26f2-e2c7-b135-a6a0ec7cb596
ac6ef54a-1f35-a468-2001-f04dd3fc035e,032a8bb6-e9c9-4af7-b955-270c05c26cdb
ac6ef54a-1f35-a468-2001-f04dd3fc035e,52b25720-a86d-16a8-1476-4dc0994161da
ac6ef54a-1f35-a468-2001-f04dd3fc035e,ae2fd526-126e-4dec-996a-30ea1010ea22
ac6ef54a-1f35-a468-2001-f04dd3fc035e,20a2229b-169f-7b24-278f-2faa26f5b9b1
ac6ef54a-1f35-a468-2001-f04dd3fc035e,78cb4ec1-7b45-427a-8e85-8ec9ddfc69af
ac6ef54a-1f35-a468-2001-f04dd3fc035e,8243f119-e78f-b0db-b173-1e6ba19cd01e
ac6ef54a-1f35-a468-2001-f04dd3fc035e,c0c1b1f3-d389-460b-a727-4c83c34a582d
ac6ef54a-1f35-a468-2001-f04dd3fc035e,7f104fa0-c897-4563-8040-a01e22f389b0
ac6ef54a-1f35-a468-2001-f04dd3fc035e,bcab3e90-fb1c-49d1-8e43-03fae9df849c
ac6ef54a-1f35-a468-2001-f04dd3fc035e,f16bc905-63d5-4087-a37b-f4dda8064505
ac6ef54a-1f35-a468-2001-f04dd3fc035e,68d177e8-559f-e8c4-9e0b-d31784d2ad34
ac6ef54a-1f35-a468-2001-f04dd3fc035e,fb6ede17-ee89-4d3e-b241-9605805620ab
ac6ef54a-1f35-a468-2001-f04dd3fc035e,08354a06-ce8e-72a5-b947-22125122717b
ac6ef54a-1f35-a468-2001-f04dd3fc035e,342d421e-b8fb-eeba-484c-69f661734409
ac6ef54a-1f35-a468-2001-f04dd3fc035e,98542fe7-b933-4e55-825a-26532d208c4b
ac6ef54a-1f35-a468-2001-f04dd3fc035e,f8c00f36-fc4e-a0da-025d-4b5848624379
ac6ef54a-1f35-a468-2001-f04dd3fc035e,5484f2c2-74b2-3a7b-66ca-7525e4329315
ac6ef54a-1f35-a468-2001-f04dd3fc035e,238b7116-ad03-67fc-fe4c-1e4532d26121
ac6ef54a-1f35-a468-2001-f04dd3fc035e,70ae24d6-c802-08f8-fc0b-1403965b865d
ac6ef54a-1f35-a468-2001-f04dd3fc035e,4297efa2-0ce5-0467-0e2b-818abccaf474
ac6ef54a-1f35-a468-2001-f04dd3fc035e,7a38a02a-f29a-b89c-987e-4c8aaad0a7f1
ac6ef54a-1f35-a468-2001-f04dd3fc035e,c57f33db-efa0-d1c2-30c3-60ecf54a97cf
ac6ef54a-1f35-a468-2001-f04dd3fc035e,636697b5-6ad8-7d96-b314-e8395ade512e
ac6ef54a-1f35-a468-2001-f04dd3fc035e,e05ef5dc-db95-c12b-7d96-6fe4ea584b86
ac6ef54a-1f35-a468-2001-f04dd3fc035e,5afd6999-d3be-4a6c-8867-73cbcadb739f
ac6ef54a-1f35-a468-2001-f04dd3fc035e,6cab63a2-d922-068c-d753-1eb548a7a076
ac6ef54a-1f35-a468-2001-f04dd3fc035e,efc1a853-458d-4e0b-9e24-fd62ad4c1519
ac6ef54a-1f35-a468-2001-f04dd3fc035e,952a0877-456d-4da3-8627-15a95ddfc1eb
ac6ef54a-1f35-a468-2001-f04dd3fc035e,af94568d-e42b-4e0e-be5e-d6aaef1f1018
ac6ef54a-1f35-a468-2001-f04dd3fc035e,0af27b8c-7204-4244-9d2a-cd806990a466
ac6ef54a-1f35-a468-2001-f04dd3fc035e,6b95f1fc-feb1-4365-badc-1575aa01e750
ac6ef54a-1f35-a468-2001-f04dd3fc035e,e7f187c7-4ba1-c04e-4bdc-fc35044ed3de
3e683191-c38b-5166-9ae3-8bfc3b975859,4b7be2a7-779c-4213-ab7a-58401dc37bbc
3e683191-c38b-5166-9ae3-8bfc3b975859,2d112df0-aae9-2555-0af1-cad2dd6ebbf8
3e683191-c38b-5166-9ae3-8bfc3b975859,8ad163ba-86ea-f7e1-2b44-ffdf3e582bbc
31de49d9-4081-2c13-2a4b-e0b6a160d783,32492477-aac8-42a8-99fe-3236966af4e1
31de49d9-4081-2c13-2a4b-e0b6a160d783,d764c946-4a1d-4dd5-8a2c-ceefbf705cbd
31de49d9-4081-2c13-2a4b-e0b6a160d783,9b98a18e-03ed-b615-8a06-c50a4c0ddb09
31de49d9-4081-2c13-2a4b-e0b6a160d783,c9859d6c-c440-4390-b6f5-fc237ec2a480
31de49d9-4081-2c13-2a4b-e0b6a160d783,13e1af81-996c-ba26-7c1e-172b0b4086bc
31de49d9-4081-2c13-2a4b-e0b6a160d783,cfc5d1df-99dc-99e3-4e3e-a1124d6b64ba
31de49d9-4081-2c13-2a4b-e0b6a160d783,db693d9e-feaf-c4f3-67fc-c30133530a18
31de49d9-4081-2c13-2a4b-e0b6a160d783,315b0310-e32b-47a7-9ee7-5bd91c07359b
31de49d9-4081-2c13-2a4b-e0b6a160d783,91b4e452-b305-31be-2612-54b8b5f06197
31de49d9-4081-2c13-2a4b-e0b6a160d783,2b8088a7-fb7b-387c-383d-31fd232a807a
31de49d9-4081-2c13-2a4b-e0b6a160d783,c8abf483-5a82-6c5f-6826-cc2793561217
31de49d9-4081-2c13-2a4b-e0b6a160d783,c0daf2a5-e17c-7d86-57db-2717aaceb09c
31de49d9-4081-2c13-2a4b-e0b6a160d783,08cb1a77-4323-a38e-7444-f27a2a22a967
31de49d9-4081-2c13-2a4b-e0b6a160d783,1793fcbe-acef-e9da-df0b-03d2d66190ae
31de49d9-4081-2c13-2a4b-e0b6a160d783,117e57f4-12cd-9919-930b-0231a594bdd9
31de49d9-4081-2c13-2a4b-e0b6a160d783,f2b7bf23-2d43-4a7f-8c4c-f6aa3d79f008
31de49d9-4081-2c13-2a4b-e0b6a160d783,f8542f89-f715-933f-62b9-52e99fb0711c
31de49d9-4081-2c13-2a4b-e0b6a160d783,b918293c-44a9-4b6f-9ee0-6fce98530f28
31de49d9-4081-2c13-2a4b-e0b6a160d783,05628f83-b45d-5a64-a544-2d1c1fecea41
31de49d9-4081-2c13-2a4b-e0b6a160d783,8535262c-e310-d0bf-6dd5-d1e505b6b9ee
31de49d9-4081-2c13-2a4b-e0b6a160d783,52926acd-2f75-3751-449d-03c2a17ad4c6
31de49d9-4081-2c13-2a4b-e0b6a160d783,1b85463b-91a4-718c-45a2-6ac9aaecea7e
31de49d9-4081-2c13-2a4b-e0b6a160d783,4bd3ccd4-4dad-459d-893e-17b8ebb60daf
2a46bc32-c289-a0ca-21db-c048530690f2,09d53d86-db9e-4df6-9f56-ea37ea5f66d5
2a46bc32-c289-a0ca-21db-c048530690f2,52a90189-446c-461f-96de-b38b2c9b43d0
2a46bc32-c289-a0ca-21db-c048530690f2,28daa2d7-7ca5-862e-2609-cb2177927d24
fd76ba1f-2070-6142-2ece-175439cbb4b5,045961ec-5ba1-dfc0-875e-a3da1c10c76e
fd76ba1f-2070-6142-2ece-175439cbb4b5,acfec9b7-61a5-5aec-8b7f-aa70a1b05728
fd76ba1f-2070-6142-2ece-175439cbb4b5,7dd62b9d-e098-8a09-916d-72d53af8bc36
fd76ba1f-2070-6142-2ece-175439cbb4b5,4cb7a470-84dd-5914-1c9b-ae28787f7695
fd76ba1f-2070-6142-2ece-175439cbb4b5,2ca7684c-8f7d-43e0-960e-29e7dd84c91f
fd76ba1f-2070-6142-2ece-175439cbb4b5,54885465-1b0c-912b-f815-52103fc95d85
fd76ba1f-2070-6142-2ece-175439cbb4b5,ab6ac76d-5542-0c5b-8a20-1859728d3603
d003718d-0dbc-a37c-2d96-61f4443bb1f0,fd76ba1f-2070-6142-2ece-175439cbb4b5
dca8ef7a-f0e7-4b01-a613-11f1a0641bc5,b5f7adce-73b0-475f-ad46-877f6b3d50c1
e0a75ec2-43d3-5dec-5729-3a6825c8325a,5cc530ac-42f2-42d9-9272-91678b9c07ef
e0a75ec2-43d3-5dec-5729-3a6825c8325a,3d418ba2-abd3-e283-af77-4b48cfabfc6f
e0a75ec2-43d3-5dec-5729-3a6825c8325a,cc7c06a1-3f51-fd6c-1f29-f8f33b78caf4
e0a75ec2-43d3-5dec-5729-3a6825c8325a,fb4b13ab-ff56-ad61-2f57-d2087ad5d913
e0a75ec2-43d3-5dec-5729-3a6825c8325a,ea57a598-2a00-8403-a376-f6eb24922a1f
e0a75ec2-43d3-5dec-5729-3a6825c8325a,d43f11da-cf97-4e6e-9eb8-3bc31258e3ab
e0a75ec2-43d3-5dec-5729-3a6825c8325a,304c4fdd-ccaf-ee37-c19c-9a7feb73cc1d
e0a75ec2-43d3-5dec-5729-3a6825c8325a,a506b119-1503-fd51-c31e-44e83a970848
e0a75ec2-43d3-5dec-5729-3a6825c8325a,5ccf8a35-de0c-5ebd-f000-52a961864da8
e0a75ec2-43d3-5dec-5729-3a6825c8325a,095fd521-a25b-9457-b473-f5e081b2927b
e0a75ec2-43d3-5dec-5729-3a6825c8325a,ff480d4d-b6bc-cd9e-e950-abac4bc57963
427e8f37-684f-1cdf-cc36-a1ee0faf9701,37fd1c4f-2f36-8091-368d-bc3230f22771
427e8f37-684f-1cdf-cc36-a1ee0faf9701,ccb67339-c5e3-0e3d-6bd4-56098f07dfab
427e8f37-684f-1cdf-cc36-a1ee0faf9701,02b9ad55-ab20-98b2-d921-868a1c3fa00d
427e8f37-684f-1cdf-cc36-a1ee0faf9701,a3edba0c-9908-a54c-5e4f-4d417cc73af3
427e8f37-684f-1cdf-cc36-a1ee0faf9701,1def50b0-400b-4758-a2a5-b749155818a5
427e8f37-684f-1cdf-cc36-a1ee0faf9701,05c0c85c-c647-c565-790c-5d61fd15b652
427e8f37-684f-1cdf-cc36-a1ee0faf9701,a628ad5d-99d2-f4f3-cad1-f1be2f9bfa38
427e8f37-684f-1cdf-cc36-a1ee0faf9701,a4c2f098-19a3-dfd3-d9dd-4846ec95709b
427e8f37-684f-1cdf-cc36-a1ee0faf9701,4f1ea5fa-53f5-278b-6b14-fa29f002023d
427e8f37-684f-1cdf-cc36-a1ee0faf9701,31ac3326-c2ed-5d6f-3c2a-3b5fa7a729a3
427e8f37-684f-1cdf-cc36-a1ee0faf9701,3b0d848d-85f9-a928-aa1c-6fa653c8814e
427e8f37-684f-1cdf-cc36-a1ee0faf9701,a65fb099-8a89-6611-c2d7-47b7ede7de8a
427e8f37-684f-1cdf-cc36-a1ee0faf9701,ab89ccc8-6b7c-0005-58e8-abf0a091abd2
427e8f37-684f-1cdf-cc36-a1ee0faf9701,523d5149-c44d-a5f9-b9eb-d83f8bca19a9
427e8f37-684f-1cdf-cc36-a1ee0faf9701,1cf82a9f-e575-bda6-0f78-4e6d8b29aeba
427e8f37-684f-1cdf-cc36-a1ee0faf9701,78c70050-042b-a916-b812-1ab481207ea0
427e8f37-684f-1cdf-cc36-a1ee0faf9701,f42ec62e-f840-7b7e-5e14-9467e77d9046
427e8f37-684f-1cdf-cc36-a1ee0faf9701,4c0c6d92-2721-26cc-f3d2-e943867e2f51
427e8f37-684f-1cdf-cc36-a1ee0faf9701,f2725ddc-fd6e-45f4-bac4-088a2b706f1b
427e8f37-684f-1cdf-cc36-a1ee0faf9701,8bd3efa1-cb1a-1f7c-e717-e61544b508d1
427e8f37-684f-1cdf-cc36-a1ee0faf9701,3e3fc93f-2797-4649-fc0f-bf956dcc09c4
427e8f37-684f-1cdf-cc36-a1ee0faf9701,731c4d26-d4ac-3bce-b16f-2446a2a4e3e7
427e8f37-684f-1cdf-cc36-a1ee0faf9701,de86c705-d13c-88c3-0913-c783ca211351
427e8f37-684f-1cdf-cc36-a1ee0faf9701,c9ba8aeb-e20b-cd17-9115-c82d7a40675a
4f9f31eb-c970-4c16-4488-ddf9ad5af9b0,e9a793f8-764b-6e4a-e232-1264395a019b
4f9f31eb-c970-4c16-4488-ddf9ad5af9b0,473ffaff-d1d7-c052-18e5-5f759612cf71
4f9f31eb-c970-4c16-4488-ddf9ad5af9b0,a4aa8dcc-d2b9-7db9-74ec-4544817f4a75
4f9f31eb-c970-4c16-4488-ddf9ad5af9b0,35382d97-b9cf-d0c5-23cf-a35c97da3dfe
4f9f31eb-c970-4c16-4488-ddf9ad5af9b0,b25e57d8-a3a4-80e1-c962-109a52b4d295
4f9f31eb-c970-4c16-4488-ddf9ad5af9b0,8cb05be6-9df7-42f1-beb4-f21e511e0214
4f9f31eb-c970-4c16-4488-ddf9ad5af9b0,78584f4b-02bd-f100-9807-74b47f0fc2c2
4f9f31eb-c970-4c16-4488-ddf9ad5af9b0,7c30dab7-a0a1-4670-9aeb-b26f38a28e8c
4f9f31eb-c970-4c16-4488-ddf9ad5af9b0,f0e6df56-21a9-6168-1e73-7cf8d6a4d52c
4f9f31eb-c970-4c16-4488-ddf9ad5af9b0,5ef999df-fc16-fd2d-34c9-baeb604b1e7e
4f9f31eb-c970-4c16-4488-ddf9ad5af9b0,5309ea09-4aec-753a-e23b-1a516ce34469
4f9f31eb-c970-4c16-4488-ddf9ad5af9b0,ee7f58aa-c02c-4c33-c1df-6bbfdd6340f4
4f9f31eb-c970-4c16-4488-ddf9ad5af9b0,8991eb81-4330-010e-4d71-2790d5cccb87
4f9f31eb-c970-4c16-4488-ddf9ad5af9b0,aff54f87-d251-0c50-4dbd-f4fb02e94388
4f9f31eb-c970-4c16-4488-ddf9ad5af9b0,7470f0ea-fbfa-e2e6-8d0d-6918ba07c651
4f9f31eb-c970-4c16-4488-ddf9ad5af9b0,80438053-2163-efcb-a9f1-d7c61ccb1f4d
4f9f31eb-c970-4c16-4488-ddf9ad5af9b0,02031fde-1e5f-50fd-735a-56b9aaa84655
4f9f31eb-c970-4c16-4488-ddf9ad5af9b0,7b75b0a0-0acc-6267-0205-996743d6404f
4f9f31eb-c970-4c16-4488-ddf9ad5af9b0,97f15dce-d27d-cbb0-21e9-1f05475db66f
4f9f31eb-c970-4c16-4488-ddf9ad5af9b0,dcafb27a-9826-504c-ac6d-5f0615d4ea6b
4f9f31eb-c970-4c16-4488-ddf9ad5af9b0,0d9278bf-18f7-7860-56fc-8d9a94c743ea
4f9f31eb-c970-4c16-4488-ddf9ad5af9b0,37beb165-f3e6-7c00-d1ea-1ad5f2a26372
f9306388-6a94-0bce-328d-55423c0e9b2d,8eb13f21-44aa-4a82-896c-7d98d08717d2
f9306388-6a94-0bce-328d-55423c0e9b2d,ae06994b-22d2-6fea-0b02-a10141d160d4
f9306388-6a94-0bce-328d-55423c0e9b2d,2e6bf729-0364-4a83-8dde-6f1d17bda6f9
f9306388-6a94-0bce-328d-55423c0e9b2d,9dccc6c4-72b8-b453-bf96-af19145855f9
f9306388-6a94-0bce-328d-55423c0e9b2d,90cd4144-0780-39e0-12fd-52a44f6b626a
f9306388-6a94-0bce-328d-55423c0e9b2d,b55d83e6-efec-c0c0-a4ad-c9b70b8efc96
f9306388-6a94-0bce-328d-55423c0e9b2d,bab89877-3c89-9993-161c-806002e2dcff
143764d8-9c9b-701f-7350-00b85f6cd2a7,70fe73ef-a553-babd-b010-34b45ad32570
143764d8-9c9b-701f-7350-00b85f6cd2a7,c1dbef7b-e5a7-68e8-2e3d-684f3d27eb49
143764d8-9c9b-701f-7350-00b85f6cd2a7,e8d77c52-0e1c-bc71-07dc-524278b8d9f0
47e1fff1-b9da-5901-dea2-124087ef1ba3,3c668b0d-359b-487a-595b-9edd5d6e7600
47e1fff1-b9da-5901-dea2-124087ef1ba3,6ffa6701-87ca-89cd-2756-3a78108f6140
47e1fff1-b9da-5901-dea2-124087ef1ba3,c611e1f4-c535-0c0f-de3c-ee8d602bed60
47e1fff1-b9da-5901-dea2-124087ef1ba3,fa7a3d79-aea2-e697-4135-f6da25f9f516
7e3bd125-71a9-0d4d-49cc-1f7aa835bcb4,0ec69c1a-ed45-405c-91ea-8c291827980e
7e3bd125-71a9-0d4d-49cc-1f7aa835bcb4,ab475bbb-e62b-45d5-caa8-c4b4cedbbde7
7e3bd125-71a9-0d4d-49cc-1f7aa835bcb4,6fc66fa7-6f53-374d-f92d-ee943e9ae78e
7e3bd125-71a9-0d4d-49cc-1f7aa835bcb4,d1ae56a0-41de-d67a-123a-a9ca838f29bb
7e3bd125-71a9-0d4d-49cc-1f7aa835bcb4,8df4b4e0-4073-064b-8818-d572ae894f94
7e3bd125-71a9-0d4d-49cc-1f7aa835bcb4,2890ebf1-1a9f-5d33-d7ab-66eb7aea2639
7e3bd125-71a9-0d4d-49cc-1f7aa835bcb4,0eba5ada-55e7-7c4a-b531-72dff91a0c06
7e3bd125-71a9-0d4d-49cc-1f7aa835bcb4,00324e37-51e4-c86a-1eeb-d604e3bc88d3
7e3bd125-71a9-0d4d-49cc-1f7aa835bcb4,6e5be54f-c145-c89e-e95a-f9d67b17ec6b
7e3bd125-71a9-0d4d-49cc-1f7aa835bcb4,41ab1dbd-2e9a-abf4-6081-81404a2b5d72
7e3bd125-71a9-0d4d-49cc-1f7aa835bcb4,d8a3f3ac-a235-022e-3778-3995d4431535
7e3bd125-71a9-0d4d-49cc-1f7aa835bcb4,5481a820-3d47-415f-20eb-e98b86517f03
7e3bd125-71a9-0d4d-49cc-1f7aa835bcb4,b2d60d63-a4f8-d50b-67ad-b61e7614fa38
7e3bd125-71a9-0d4d-49cc-1f7aa835bcb4,bc5c215c-9735-cfab-7f00-b930e88aafa3
7e3bd125-71a9-0d4d-49cc-1f7aa835bcb4,5a2afe12-26cc-c9ea-9056-5959baed3d42
7e3bd125-71a9-0d4d-49cc-1f7aa835bcb4,d1015c53-cbf9-35ab-bf7a-d60d6d2ab1fc
7e3bd125-71a9-0d4d-49cc-1f7aa835bcb4,e9f3253c-c0a4-10cf-3e5b-c1535fab4ffe
7e3bd125-71a9-0d4d-49cc-1f7aa835bcb4,dbaf6815-f886-fde3-65ab-b7bf7ec10265
7e3bd125-71a9-0d4d-49cc-1f7aa835bcb4,b8bb01b7-fb3c-28d4-ef25-793ef4e6eb58
7e3bd125-71a9-0d4d-49cc-1f7aa835bcb4,3756427f-2a7e-5785-ac39-bd8e9986623d
7e3bd125-71a9-0d4d-49cc-1f7aa835bcb4,deada644-4dfa-93ab-efa7-a17389b73d61
7e3bd125-71a9-0d4d-49cc-1f7aa835bcb4,c91c7d03-b572-6807-c5bc-48e2461be892
7e3bd125-71a9-0d4d-49cc-1f7aa835bcb4,491e6b19-d453-2ff8-0fbe-3dfa2d35d440
7e3bd125-71a9-0d4d-49cc-1f7aa835bcb4,6afb4ecb-7e02-0aa7-1a55-932d892c2b10
7e3bd125-71a9-0d4d-49cc-1f7aa835bcb4,7f4e0d41-5b26-bd60-9d19-9eafd8329d0d
7e3bd125-71a9-0d4d-49cc-1f7aa835bcb4,cc16677c-bced-5a8f-a541-5ca0f4360526
7e3bd125-71a9-0d4d-49cc-1f7aa835bcb4,b23d353e-298b-548b-8c84-eae8c40b444b
7e3bd125-71a9-0d4d-49cc-1f7aa835bcb4,6a32b7b2-4719-8535-026a-400109672cb4
7e3bd125-71a9-0d4d-49cc-1f7aa835bcb4,005f432b-f7a3-bdbb-7dac-380557174cab
7e3bd125-71a9-0d4d-49cc-1f7aa835bcb4,4de22087-c4b3-f54b-b01e-614c3d8dc7a5
97d7db4c-7d2d-5f2c-569d-2ff61677eecd,02e8b8d3-7eb5-32c0-d485-50f00156fda6
602d21a1-7d7e-53bd-6a1e-a82239b55930,533b0184-ca02-49ed-801f-7739f70f8b16
602d21a1-7d7e-53bd-6a1e-a82239b55930,69a86083-30cd-49af-971f-2be24b288138
602d21a1-7d7e-53bd-6a1e-a82239b55930,6c50de1d-d0ff-ab00-2c8e-5286154c7633
aa2a4fb9-86d2-2b2c-9203-83ae6fbc9d18,20c8e79e-40e3-6ec2-c632-12757d2386d6
aa2a4fb9-86d2-2b2c-9203-83ae6fbc9d18,955c5880-fb73-1eec-8070-1388e881af8d
7bbe85d5-4f6f-e287-5575-130f8da303b5,8dcca6c7-e974-c0c1-94af-a2cb27a2bf51
7bbe85d5-4f6f-e287-5575-130f8da303b5,b97cb7e5-cd69-5a3a-dac9-fff81e144d01
20ca428a-f8e4-38ae-2d6f-8b4fa120b9cc,beee9225-f881-2f86-cd65-6fedba74dcef
20ca428a-f8e4-38ae-2d6f-8b4fa120b9cc,477e0f94-887e-dbf2-4049-b111e22b2be7
20ca428a-f8e4-38ae-2d6f-8b4fa120b9cc,00a4ae70-06fb-f67c-7c74-90e593b6e1bc
f29ce33d-4f82-6f24-6f8e-3d8e72ba51cc,343271a2-f4da-f585-e13c-eae79d20afab
f29ce33d-4f82-6f24-6f8e-3d8e72ba51cc,bfe02ccf-d44d-d60f-3a20-de51410ed83d
f29ce33d-4f82-6f24-6f8e-3d8e72ba51cc,790959c6-f90f-19a6-dcc7-01faa3beaa37
f29ce33d-4f82-6f24-6f8e-3d8e72ba51cc,23b02923-8e03-91c7-88c0-563783ffe886
f29ce33d-4f82-6f24-6f8e-3d8e72ba51cc,465048a7-c300-435b-f949-6238a0a10e78
f29ce33d-4f82-6f24-6f8e-3d8e72ba51cc,da30af9a-0c53-e9f9-7be6-6450106d7400
f29ce33d-4f82-6f24-6f8e-3d8e72ba51cc,459663c7-2c30-48b5-bbf4-cf972eb94133
91638d36-44ab-c37f-2821-55046bbc042e,9001debb-7e68-4d73-9359-37d13274a9fd
91638d36-44ab-c37f-2821-55046bbc042e,88e8c0ab-0a58-b01f-f562-97dd98c8826a
91638d36-44ab-c37f-2821-55046bbc042e,8490286a-d4a6-7977-dc62-07139a83457b
91638d36-44ab-c37f-2821-55046bbc042e,1041e900-bdc4-0093-ca68-c43651039f54
91638d36-44ab-c37f-2821-55046bbc042e,b0b3b3ff-f1d7-95ed-b24e-f06fbac8ee38
91638d36-44ab-c37f-2821-55046bbc042e,b7d856e8-b2f0-87f9-de5e-29c4d668e1dc
91638d36-44ab-c37f-2821-55046bbc042e,fa30fd10-1496-f928-1413-49e518631eb1
91638d36-44ab-c37f-2821-55046bbc042e,47586a43-ad97-d0de-f550-0f9c2f974c14
91638d36-44ab-c37f-2821-55046bbc042e,4590c5ed-a32f-ed2a-a918-ab50cdeb4675
91638d36-44ab-c37f-2821-55046bbc042e,b07bd65d-a04d-69d3-84b1-18e53cd67128
91638d36-44ab-c37f-2821-55046bbc042e,c95874d5-b176-4a95-1696-9b820b4fa81e
91638d36-44ab-c37f-2821-55046bbc042e,4dce954e-9901-4795-b086-f7e6292eddb2
91638d36-44ab-c37f-2821-55046bbc042e,6ed95f10-d224-e853-635a-05a2a32e5dd0
91638d36-44ab-c37f-2821-55046bbc042e,d00bcae6-7f5c-52f4-1110-d098248ee03a
91638d36-44ab-c37f-2821-55046bbc042e,993180d3-9b6b-9937-456d-de63fbfa5b2f
91638d36-44ab-c37f-2821-55046bbc042e,ea313c34-b676-5ab6-7048-54463864a693
91638d36-44ab-c37f-2821-55046bbc042e,0d95cd55-f9ae-4a72-04f7-43c2b356c205
91638d36-44ab-c37f-2821-55046bbc042e,1a7208de-7047-85ab-2172-27d59f5455a2
91638d36-44ab-c37f-2821-55046bbc042e,4e08f517-b151-425f-a7d7-950973248618
91638d36-44ab-c37f-2821-55046bbc042e,d3eda7e0-6d1d-0e75-a1c0-afe0348ce5bb
91638d36-44ab-c37f-2821-55046bbc042e,6e4d2318-b947-9293-5a56-38c61a5c16ca
91638d36-44ab-c37f-2821-55046bbc042e,b19627b3-dac1-e144-1153-709a83ddc0f4
91638d36-44ab-c37f-2821-55046bbc042e,449768fc-c06e-27f6-37a3-d71e8eea5ba9
91638d36-44ab-c37f-2821-55046bbc042e,322ccb46-fb8b-cef8-5797-f41b87736d1a
91638d36-44ab-c37f-2821-55046bbc042e,ea42ce5b-9b97-4c45-1c80-9ba98ef45729
91638d36-44ab-c37f-2821-55046bbc042e,eaab42e4-1821-0f5f-aa8e-7109d8ac33f4
91638d36-44ab-c37f-2821-55046bbc042e,150472e0-6a6a-c6b0-d75b-ca244bbec14d
91638d36-44ab-c37f-2821-55046bbc042e,920ad9d6-dc2d-de63-aba6-f7447fd6f43f
91638d36-44ab-c37f-2821-55046bbc042e,1bba8fcd-ed12-d130-d502-6ab2305afe42
91638d36-44ab-c37f-2821-55046bbc042e,64ca783a-b434-aaf1-e5d8-62bfd48161c0
91638d36-44ab-c37f-2821-55046bbc042e,495692f0-442b-24fd-3b54-c4d9d96d2abe
91638d36-44ab-c37f-2821-55046bbc042e,9c32c059-b95f-86aa-1bf8-af7ce632f532
