003ca591-76a3-4c06-8758-3b6b97d60eb4,fc5fbe7a-562d-d577-b05e-46797caa134c
020f4722-df14-462b-a9b3-5651a8df3b90,fc5fbe7a-562d-d577-b05e-46797caa134c
02a1f355-f3ae-4719-bc72-2023e14dd37b,fc5fbe7a-562d-d577-b05e-46797caa134c
03197537-2b53-4ba8-9fc3-3d48fac94439,fc5fbe7a-562d-d577-b05e-46797caa134c
03537b56-2ce8-42e6-a98c-9a2ec92c8cd9,fc5fbe7a-562d-d577-b05e-46797caa134c
03746e35-22e6-46a6-b243-16a1f0c6a00c,fc5fbe7a-562d-d577-b05e-46797caa134c
04804e24-1f8d-405d-8163-e536721dbcba,fc5fbe7a-562d-d577-b05e-46797caa134c
049aad07-4004-4cd9-9ca1-0ddbd4ab1116,fc5fbe7a-562d-d577-b05e-46797caa134c
0541c6b2-21de-4b90-be14-5fb981eab795,fc5fbe7a-562d-d577-b05e-46797caa134c
05b4980d-1be5-466e-939a-b9f1cdc5e53f,fc5fbe7a-562d-d577-b05e-46797caa134c
061564b1-a696-4208-ac35-c1d738f98214,fc5fbe7a-562d-d577-b05e-46797caa134c
083cffa0-fe55-4ed5-b446-4ef9f087ca01,fc5fbe7a-562d-d577-b05e-46797caa134c
09e25674-69ae-464d-8e11-dee47b9f9234,fc5fbe7a-562d-d577-b05e-46797caa134c
0b7a8ba2-ff5f-4aea-b91a-67b755db2d9a,fc5fbe7a-562d-d577-b05e-46797caa134c
0b968cd9-42a2-4016-ab35-b809654329fd,fc5fbe7a-562d-d577-b05e-46797caa134c
0b96fb12-1a4a-4a75-b76d-110566f0c018,fc5fbe7a-562d-d577-b05e-46797caa134c
0bdc24ff-3837-4177-9236-d1add876f16e,fc5fbe7a-562d-d577-b05e-46797caa134c
0da361cd-7c45-4c61-bf19-f354a1fc9842,fc5fbe7a-562d-d577-b05e-46797caa134c
0df5d588-dcb6-4cf5-a9eb-deb601338acd,fc5fbe7a-562d-d577-b05e-46797caa134c
0f4369cd-bafe-4152-802e-5d7de8e3180a,fc5fbe7a-562d-d577-b05e-46797caa134c
102f6b12-ff4b-41fd-be20-cccc650710fa,fc5fbe7a-562d-d577-b05e-46797caa134c
129da74b-e387-493d-840f-a99aeac3fa24,fc5fbe7a-562d-d577-b05e-46797caa134c
12aec181-cce9-4ccd-8263-255703a407fb,fc5fbe7a-562d-d577-b05e-46797caa134c
12c3a387-b4e0-422d-a5aa-18d66e8b99ed,fc5fbe7a-562d-d577-b05e-46797caa134c
12e38ea1-03a4-45b5-a104-eea075cf0b42,fc5fbe7a-562d-d577-b05e-46797caa134c
137c9412-faa5-4c74-8d3c-b825feed0eed,fc5fbe7a-562d-d577-b05e-46797caa134c
13d61876-91b2-49e2-84a1-76458bb23986,fc5fbe7a-562d-d577-b05e-46797caa134c
1487063e-1a35-48ad-84a1-5819ba9c63a0,fc5fbe7a-562d-d577-b05e-46797caa134c
158e6765-f592-4065-9365-1205bfa24a5c,fc5fbe7a-562d-d577-b05e-46797caa134c
161e9c91-d921-46bb-9088-d4c2a2eab8f0,fc5fbe7a-562d-d577-b05e-46797caa134c
16300d14-48f3-4077-8d31-d8cdb52c70fd,fc5fbe7a-562d-d577-b05e-46797caa134c
166380d5-740b-4cca-a096-25c47292a84d,fc5fbe7a-562d-d577-b05e-46797caa134c
16f8c4ad-eaa6-4090-8b66-6b1a0ac3d26d,fc5fbe7a-562d-d577-b05e-46797caa134c
183de26b-6dac-4671-a987-20851d771574,fc5fbe7a-562d-d577-b05e-46797caa134c
1dc200a2-19d6-47dd-94b5-9ef9087bbe25,fc5fbe7a-562d-d577-b05e-46797caa134c
1e02c045-94a0-4168-9e83-8e8a0d599077,fc5fbe7a-562d-d577-b05e-46797caa134c
1e274d0b-121f-4827-a610-0861c1eed692,fc5fbe7a-562d-d577-b05e-46797caa134c
1e980f9f-3861-443c-b5ad-23237163f272,fc5fbe7a-562d-d577-b05e-46797caa134c
1ea81acd-f7ca-4349-a31a-9d01edd56eb1,fc5fbe7a-562d-d577-b05e-46797caa134c
1ec2d9ee-a801-437e-a92f-41da418dae90,fc5fbe7a-562d-d577-b05e-46797caa134c
1f86ae0d-7885-4c00-8cf5-4252deecf305,fc5fbe7a-562d-d577-b05e-46797caa134c
204433ab-183a-4df0-9505-02ce36c011a4,fc5fbe7a-562d-d577-b05e-46797caa134c
20c40587-70c2-4664-976d-4301f15f899f,fc5fbe7a-562d-d577-b05e-46797caa134c
2129ea7e-50d2-41e3-9ae2-598a66991739,fc5fbe7a-562d-d577-b05e-46797caa134c
2132409b-74aa-4762-8adc-1dc5716c267f,fc5fbe7a-562d-d577-b05e-46797caa134c
22a05792-525f-428a-a16c-564535f50528,fc5fbe7a-562d-d577-b05e-46797caa134c
22d9b62c-885b-43fe-a7e1-444868ddfc8b,fc5fbe7a-562d-d577-b05e-46797caa134c
22da5a16-d306-4ae7-bc3a-71fa16201c98,fc5fbe7a-562d-d577-b05e-46797caa134c
236ad4b8-478a-40f5-b5eb-0fd59773f37c,fc5fbe7a-562d-d577-b05e-46797caa134c
24db018f-07af-4e3d-8e4b-27472576a862,fc5fbe7a-562d-d577-b05e-46797caa134c
25f162d2-6dd9-412c-9a91-431b9fb4c93f,fc5fbe7a-562d-d577-b05e-46797caa134c
25f2f5fa-2a4b-4fe3-a827-f9da359ced9a,fc5fbe7a-562d-d577-b05e-46797caa134c
26407c97-a9cc-4085-a4ee-7ca52a28edca,fc5fbe7a-562d-d577-b05e-46797caa134c
280a22fa-300d-4e44-b5bf-be74fdfe3b89,fc5fbe7a-562d-d577-b05e-46797caa134c
2921c9cf-689a-4b45-9ca5-0d9705183671,fc5fbe7a-562d-d577-b05e-46797caa134c
292523e0-7293-4a18-97ad-e2138273fac7,fc5fbe7a-562d-d577-b05e-46797caa134c
2a4c6210-3716-46cc-9c33-05f76fd246ec,fc5fbe7a-562d-d577-b05e-46797caa134c
2a60bc6e-e597-49c8-b056-dff8c92424c5,fc5fbe7a-562d-d577-b05e-46797caa134c
2a8ecab4-84e7-4318-9d05-8c9fee3b9773,fc5fbe7a-562d-d577-b05e-46797caa134c
2b932db0-0a0c-490d-a0a2-876bc3f3a329,fc5fbe7a-562d-d577-b05e-46797caa134c
2e656156-3cee-4a1f-8423-a61f5ab8cea7,fc5fbe7a-562d-d577-b05e-46797caa134c
316afdbd-5e26-4b03-a551-4e98c2e63a24,fc5fbe7a-562d-d577-b05e-46797caa134c
334a8191-7f31-48c7-9339-ec9ecd88dd62,fc5fbe7a-562d-d577-b05e-46797caa134c
33707ba0-6a27-44fa-bdec-ef679cf72c0a,fc5fbe7a-562d-d577-b05e-46797caa134c
33d62bb1-2861-41c1-9443-93d9cf3de302,fc5fbe7a-562d-d577-b05e-46797caa134c
3405e3ce-d6a3-47d9-9b36-ce07c113f842,fc5fbe7a-562d-d577-b05e-46797caa134c
343067ea-4407-4283-ae2a-4e0a6da9213d,fc5fbe7a-562d-d577-b05e-46797caa134c
38164281-451c-4a17-962f-14e0d378ab04,fc5fbe7a-562d-d577-b05e-46797caa134c
38a44e71-4a44-4714-833e-be2e46a77bdb,fc5fbe7a-562d-d577-b05e-46797caa134c
3920bd60-c9b5-491a-8be0-7bc5815356a4,fc5fbe7a-562d-d577-b05e-46797caa134c
3ac16ea4-7281-44d0-8f48-1d4f0b6b8787,fc5fbe7a-562d-d577-b05e-46797caa134c
3ac8655e-4058-42db-91ce-de3408415bed,fc5fbe7a-562d-d577-b05e-46797caa134c
3ad21666-dc2f-40d1-9a94-b278cbf999c6,fc5fbe7a-562d-d577-b05e-46797caa134c
3af8aa49-4917-4bc3-8d93-5f690d9be7fd,fc5fbe7a-562d-d577-b05e-46797caa134c
3cd50c0f-94e8-49ec-948d-3ea834f621fc,fc5fbe7a-562d-d577-b05e-46797caa134c
3cf3490c-1306-4e94-9b9e-a96ac756bf20,fc5fbe7a-562d-d577-b05e-46797caa134c
3e62d10d-59b2-44fe-ad06-5d837b49d235,fc5fbe7a-562d-d577-b05e-46797caa134c
3f42d4da-7798-440f-87c0-2092208f45ad,fc5fbe7a-562d-d577-b05e-46797caa134c
3fc7ed06-b59f-47b7-84fc-204342ff1573,fc5fbe7a-562d-d577-b05e-46797caa134c
400f5f72-a0b4-47a2-bb6a-701f44dfbbb2,fc5fbe7a-562d-d577-b05e-46797caa134c
42d680fd-756b-48fa-8a30-7bc8855fad15,fc5fbe7a-562d-d577-b05e-46797caa134c
43076378-3ab7-453b-afa1-bcf2db9f36aa,fc5fbe7a-562d-d577-b05e-46797caa134c
44d756bb-3067-491b-8db7-1ceea3a0b01c,fc5fbe7a-562d-d577-b05e-46797caa134c
450effe3-8271-426b-aebe-95c3006c2db4,fc5fbe7a-562d-d577-b05e-46797caa134c
46b4ed11-391e-4b0a-bc8e-f7d25127c67b,fc5fbe7a-562d-d577-b05e-46797caa134c
46d2bfe7-516d-491c-9b67-87c95bf2c710,fc5fbe7a-562d-d577-b05e-46797caa134c
484d35ae-e3d5-4e37-9504-dcc740ab207a,fc5fbe7a-562d-d577-b05e-46797caa134c
48f19c74-c83c-4fb3-9aaa-47a0fbda3101,fc5fbe7a-562d-d577-b05e-46797caa134c
49ec30da-f91c-4603-88e5-9b25e2c3bd1c,fc5fbe7a-562d-d577-b05e-46797caa134c
4ada7e0b-0edb-4df8-acba-a1053cdb6ac6,fc5fbe7a-562d-d577-b05e-46797caa134c
4b932ecf-0a17-42fb-9b09-627f06653467,fc5fbe7a-562d-d577-b05e-46797caa134c
4cb84c9d-eeef-48ff-89e1-245c771d8909,fc5fbe7a-562d-d577-b05e-46797caa134c
4d34c221-83ff-48f8-9b87-0f354c0807a6,fc5fbe7a-562d-d577-b05e-46797caa134c
4e380dc9-c033-469a-87e1-ed624ebe87ea,fc5fbe7a-562d-d577-b05e-46797caa134c
4e5b5d52-6989-40d0-bc81-1890601d80fd,fc5fbe7a-562d-d577-b05e-46797caa134c
4f4c6e71-2a98-4fd8-87b3-4ac68d7e8cac,fc5fbe7a-562d-d577-b05e-46797caa134c
505f3986-c673-48c9-a153-7925ac235d30,fc5fbe7a-562d-d577-b05e-46797caa134c
50c54a60-a50f-4d59-92d2-a5168af74211,fc5fbe7a-562d-d577-b05e-46797caa134c
51a7b35e-43c6-459a-bf92-8388955ec83d,fc5fbe7a-562d-d577-b05e-46797caa134c
54fa63ee-4f09-4ff5-8321-bbd1b559377e,fc5fbe7a-562d-d577-b05e-46797caa134c
55dcd054-54e1-46c7-8e24-435281043893,fc5fbe7a-562d-d577-b05e-46797caa134c
56579d46-d8b3-4e18-8f90-55ceaced586a,fc5fbe7a-562d-d577-b05e-46797caa134c
572bde21-46b7-4a82-b474-15d502c3c46e,fc5fbe7a-562d-d577-b05e-46797caa134c
57eed280-4c89-492d-9815-16aec4f368a4,fc5fbe7a-562d-d577-b05e-46797caa134c
581d4da5-0a74-4952-a82c-92e4a7432f24,fc5fbe7a-562d-d577-b05e-46797caa134c
58cd1fce-0cc2-4223-b09a-a4fb0ddbb025,fc5fbe7a-562d-d577-b05e-46797caa134c
59c2b4b5-f4e9-49dd-baa7-cd300e98834e,fc5fbe7a-562d-d577-b05e-46797caa134c
5a4e0d2f-33c2-4920-9518-8e919d6bea4e,fc5fbe7a-562d-d577-b05e-46797caa134c
5af9d24f-b5ed-4c54-90e7-bf1da3673379,fc5fbe7a-562d-d577-b05e-46797caa134c
5dc486e2-e207-4b31-a08d-fb1e184fc2d1,fc5fbe7a-562d-d577-b05e-46797caa134c
5eaa1847-ffd8-4ce3-b188-9b4eaafd06c3,fc5fbe7a-562d-d577-b05e-46797caa134c
5f4b5db3-28a3-46f4-8206-1aa243149489,fc5fbe7a-562d-d577-b05e-46797caa134c
5f79f87a-c45d-48fd-8bfc-893f5c632021,fc5fbe7a-562d-d577-b05e-46797caa134c
5fad1a68-69a5-4603-bb21-a32719554042,fc5fbe7a-562d-d577-b05e-46797caa134c
60396d50-1417-4d8c-a7bb-32036cb83642,fc5fbe7a-562d-d577-b05e-46797caa134c
60462f57-5b64-4dff-b9b2-465b27d0337e,fc5fbe7a-562d-d577-b05e-46797caa134c
6159cd20-c80b-4b17-9735-50482c77aee6,fc5fbe7a-562d-d577-b05e-46797caa134c
618ee480-d1ac-4467-ba02-b0a012a5d658,fc5fbe7a-562d-d577-b05e-46797caa134c
6202e9d9-aab9-4f71-8053-6f6f5606114e,fc5fbe7a-562d-d577-b05e-46797caa134c
646a6b52-6b75-4581-bc1c-07c9b5995d3f,fc5fbe7a-562d-d577-b05e-46797caa134c
65d0e9fb-956d-4f10-b1c3-0b203525a631,fc5fbe7a-562d-d577-b05e-46797caa134c
6753d4f8-9a46-4f9d-9839-5ec0d74a15ae,fc5fbe7a-562d-d577-b05e-46797caa134c
6785e934-8953-447c-ad84-b169fea2865a,fc5fbe7a-562d-d577-b05e-46797caa134c
69e54f1e-2a52-4661-8d60-28341bdc67ea,fc5fbe7a-562d-d577-b05e-46797caa134c
6aa93115-7e32-4a9e-9357-07e6c164fa62,fc5fbe7a-562d-d577-b05e-46797caa134c
6be35042-8dd7-467a-8607-e83d9391a179,fc5fbe7a-562d-d577-b05e-46797caa134c
6d97ce53-531c-4618-a0f3-f9231f5fcf94,fc5fbe7a-562d-d577-b05e-46797caa134c
7037496d-a696-4b11-a89c-c9a9389b3d94,fc5fbe7a-562d-d577-b05e-46797caa134c
712d1a0c-f66e-42f0-9f58-68c4807f3d65,fc5fbe7a-562d-d577-b05e-46797caa134c
7154b985-8137-45ce-bc87-2cd2fc0bf283,fc5fbe7a-562d-d577-b05e-46797caa134c
716c660e-98b1-4d90-b2aa-47013daa762a,fc5fbe7a-562d-d577-b05e-46797caa134c
718fffd0-8098-42f1-b992-52a83e6b1b97,fc5fbe7a-562d-d577-b05e-46797caa134c
7357faac-ecb4-4c8a-b0a1-0d47f0c2b057,fc5fbe7a-562d-d577-b05e-46797caa134c
743efb4f-2610-475a-bb4b-4475dd55dbac,fc5fbe7a-562d-d577-b05e-46797caa134c
7699a5dd-677c-448d-8525-a106c135247c,fc5fbe7a-562d-d577-b05e-46797caa134c
77f2eaa6-9128-40c5-a312-f79f93f94084,fc5fbe7a-562d-d577-b05e-46797caa134c
7950c287-2344-49a0-a9eb-624134a67ea8,fc5fbe7a-562d-d577-b05e-46797caa134c
7bddf786-9703-49e9-aec2-c53189556ca0,fc5fbe7a-562d-d577-b05e-46797caa134c
7c11764e-62be-4c1d-b002-aabb821dffc1,fc5fbe7a-562d-d577-b05e-46797caa134c
7cc44f45-80ed-4b33-b662-0977cb96ac9f,fc5fbe7a-562d-d577-b05e-46797caa134c
7dd242b8-15c5-4c1d-b5b5-922f07fdd74a,fc5fbe7a-562d-d577-b05e-46797caa134c
7ebdc7c1-c5c4-4bd9-9e04-56a3b8ab0b8d,fc5fbe7a-562d-d577-b05e-46797caa134c
80359f31-462f-497f-b30f-26f3b2a43ea6,fc5fbe7a-562d-d577-b05e-46797caa134c
812c4b8a-032a-43c2-9324-f63d594d3b72,fc5fbe7a-562d-d577-b05e-46797caa134c
813d95b0-5365-4a9a-8ee4-d7911a39dc04,fc5fbe7a-562d-d577-b05e-46797caa134c
82ed23c5-0c68-4634-9603-ab71c0c30f85,fc5fbe7a-562d-d577-b05e-46797caa134c
83808b7e-02e6-48e5-9120-02aefcf8db86,fc5fbe7a-562d-d577-b05e-46797caa134c
8522c7de-5ac7-437d-95e0-d763a11c8c42,fc5fbe7a-562d-d577-b05e-46797caa134c
86998f17-8c83-4c73-a6e5-7f99871f30d5,fc5fbe7a-562d-d577-b05e-46797caa134c
86ef0b2a-9f52-4266-a9d6-68cd49c07696,fc5fbe7a-562d-d577-b05e-46797caa134c
87f3b8e9-4390-44d3-b9e4-eea77add2f4f,fc5fbe7a-562d-d577-b05e-46797caa134c
8a56cf53-385f-4b3e-b206-a3df38f61049,fc5fbe7a-562d-d577-b05e-46797caa134c
8ad2cccb-24dd-4ad8-9c0d-742b1d3d581b,fc5fbe7a-562d-d577-b05e-46797caa134c
8aea906c-5847-4f2e-9c53-1a36feaebf24,fc5fbe7a-562d-d577-b05e-46797caa134c
8d444e27-c7c8-4c65-aa9a-5f756ab44ccb,fc5fbe7a-562d-d577-b05e-46797caa134c
8fbaf86e-ab1b-45f3-8404-1cc9bb5d2b9d,fc5fbe7a-562d-d577-b05e-46797caa134c
8fbde2bc-30bc-4ab7-8b66-345d58a0b70d,fc5fbe7a-562d-d577-b05e-46797caa134c
8fd5d7c0-3025-49d6-adcc-3f7525d7394c,fc5fbe7a-562d-d577-b05e-46797caa134c
909bf79f-ed0a-40e9-a1f1-ebff2ccc158e,fc5fbe7a-562d-d577-b05e-46797caa134c
90eb256e-d49f-47b5-a06e-bac60b5ffc4d,fc5fbe7a-562d-d577-b05e-46797caa134c
91344be9-ff32-4358-ad13-1a62c640bcaa,fc5fbe7a-562d-d577-b05e-46797caa134c
9315135c-44cc-43ef-8515-edf48183541e,fc5fbe7a-562d-d577-b05e-46797caa134c
9406348e-c455-4b40-a9bd-92f702fa387f,fc5fbe7a-562d-d577-b05e-46797caa134c
9460dbe9-16d4-477e-a17b-e9d0efceb4dd,fc5fbe7a-562d-d577-b05e-46797caa134c
952977b2-bf91-4f7e-9a17-7375f8a95822,fc5fbe7a-562d-d577-b05e-46797caa134c
9606dc54-88ec-4a03-9d67-816447616302,fc5fbe7a-562d-d577-b05e-46797caa134c
9628a759-75d3-43c6-84cb-439bcb982422,fc5fbe7a-562d-d577-b05e-46797caa134c
98b2d243-c0f2-4360-ad18-925fe640e164,fc5fbe7a-562d-d577-b05e-46797caa134c
9aa0fc88-7581-44af-b861-845f5fdb14cb,fc5fbe7a-562d-d577-b05e-46797caa134c
9b44c7c9-1c3d-4e56-8f76-c716639f3da2,fc5fbe7a-562d-d577-b05e-46797caa134c
a0fcea54-00ea-451e-90fa-748571a0a923,fc5fbe7a-562d-d577-b05e-46797caa134c
a189f3ac-bd88-4cfb-a43b-4d0bd81ec9c6,fc5fbe7a-562d-d577-b05e-46797caa134c
a20e3d56-37f2-4aca-9ac6-8e292b70bec5,fc5fbe7a-562d-d577-b05e-46797caa134c
a22cdcb5-55df-423c-a0b1-84a974449718,fc5fbe7a-562d-d577-b05e-46797caa134c
a24d7221-1696-47a6-b072-0b11aa008af9,fc5fbe7a-562d-d577-b05e-46797caa134c
a270389b-2165-46ca-bff8-9cfb9a92458c,fc5fbe7a-562d-d577-b05e-46797caa134c
a29f1200-f206-46ed-877e-c9e51097c560,fc5fbe7a-562d-d577-b05e-46797caa134c
a3d99346-7db1-4d59-a5a4-8dc7d0c8306f,fc5fbe7a-562d-d577-b05e-46797caa134c
a4bc1f44-a4bd-4a7b-a5ea-722514916229,fc5fbe7a-562d-d577-b05e-46797caa134c
a6642b14-99b1-414d-b54b-f1e31f195cce,fc5fbe7a-562d-d577-b05e-46797caa134c
a6b70c1e-6702-42fc-b0ae-81ad89becaae,fc5fbe7a-562d-d577-b05e-46797caa134c
a7a11a07-e334-4ac0-85cb-70715a677a80,fc5fbe7a-562d-d577-b05e-46797caa134c
a81e86ca-39a0-48a8-bf0d-8cb24f0eef7a,fc5fbe7a-562d-d577-b05e-46797caa134c
a868b2b0-8d28-47d7-83ea-4b6111a115ea,fc5fbe7a-562d-d577-b05e-46797caa134c
a8b5ffb0-0096-4d53-a37d-2285e2faa89a,fc5fbe7a-562d-d577-b05e-46797caa134c
a8fa3546-0ee6-44e3-a4c3-0559fbcae61a,fc5fbe7a-562d-d577-b05e-46797caa134c
b07dac18-6215-4b67-9016-97f84a3445aa,fc5fbe7a-562d-d577-b05e-46797caa134c
b0bf81fd-e460-40b5-85ef-6212814f9009,fc5fbe7a-562d-d577-b05e-46797caa134c
b1139196-eac8-4c1c-9bcd-158974b7fd99,fc5fbe7a-562d-d577-b05e-46797caa134c
b190f21f-c8ce-4dbc-92e3-194c8b234de0,fc5fbe7a-562d-d577-b05e-46797caa134c
b1d72398-c679-4dca-b1ce-fcaee37287d6,fc5fbe7a-562d-d577-b05e-46797caa134c
b228a575-68f7-4b67-94ff-a691f8940e6e,fc5fbe7a-562d-d577-b05e-46797caa134c
b25f6f47-2866-49a6-b880-64d875cbcc47,fc5fbe7a-562d-d577-b05e-46797caa134c
b3355854-fdd2-4811-908d-f2d99e3c0358,fc5fbe7a-562d-d577-b05e-46797caa134c
b3a15fe7-8cd3-4701-9fbc-8e1be14dadca,fc5fbe7a-562d-d577-b05e-46797caa134c
b4b83332-33bd-44ba-944e-57667959d306,fc5fbe7a-562d-d577-b05e-46797caa134c
b5ff004d-61e8-4b6a-a0a1-ae8a274440cb,fc5fbe7a-562d-d577-b05e-46797caa134c
b75ae23e-6640-41fb-8151-f3d2c499272c,fc5fbe7a-562d-d577-b05e-46797caa134c
b788038f-da95-4f0a-a44b-15bc0a0cf2e7,fc5fbe7a-562d-d577-b05e-46797caa134c
b8982024-b7f2-47d0-a871-cc2dcd17ad13,fc5fbe7a-562d-d577-b05e-46797caa134c
bacbe92c-9402-4e3f-a240-fc3609a98126,fc5fbe7a-562d-d577-b05e-46797caa134c
bad8dc7c-83eb-4f0e-8a55-e715273af2fc,fc5fbe7a-562d-d577-b05e-46797caa134c
bb788107-65f3-4e63-b4b2-df67e216221b,fc5fbe7a-562d-d577-b05e-46797caa134c
bba501a6-49a9-4f88-ba83-ad032236fff8,fc5fbe7a-562d-d577-b05e-46797caa134c
bceab6d0-23c9-43db-970f-43f0cf08c364,fc5fbe7a-562d-d577-b05e-46797caa134c
bd40adb2-38f4-4082-b669-882138f2cc5f,fc5fbe7a-562d-d577-b05e-46797caa134c
bddda6a3-d19d-48a9-a00d-cd3a8e9eea27,fc5fbe7a-562d-d577-b05e-46797caa134c
bec3c3ea-f337-40a1-a735-2b600ed443bd,fc5fbe7a-562d-d577-b05e-46797caa134c
bed6912f-cb4e-468c-a87a-2c0f7aa345df,fc5fbe7a-562d-d577-b05e-46797caa134c
bf082f38-05e2-4af6-a2b9-65c7752a6fc0,fc5fbe7a-562d-d577-b05e-46797caa134c
bfb8544a-8db3-495a-b945-cde511bc281e,fc5fbe7a-562d-d577-b05e-46797caa134c
bff054d0-1db3-4ced-b6fe-50325120e04e,fc5fbe7a-562d-d577-b05e-46797caa134c
c1350719-962b-4da1-bb88-e4023f00f4e6,fc5fbe7a-562d-d577-b05e-46797caa134c
c3a1cc3e-271d-4d49-8ac0-823605b3e4db,fc5fbe7a-562d-d577-b05e-46797caa134c
c499b60e-736b-4dfe-8a67-6decdf01eec7,fc5fbe7a-562d-d577-b05e-46797caa134c
c5c00723-79dc-4b83-b406-c4e4d1149698,fc5fbe7a-562d-d577-b05e-46797caa134c
c6638c20-04f5-404a-9911-2e45c970433b,fc5fbe7a-562d-d577-b05e-46797caa134c
c6d0af08-0a5e-48c1-8790-298757447cfd,fc5fbe7a-562d-d577-b05e-46797caa134c
c702463f-9a91-4e5b-9424-99b3b20e2a80,fc5fbe7a-562d-d577-b05e-46797caa134c
c7481927-3b7c-4a0f-9af9-6c76cb8a3dd0,fc5fbe7a-562d-d577-b05e-46797caa134c
ca3d3d41-2bd0-4ce3-94dd-f86e74670254,fc5fbe7a-562d-d577-b05e-46797caa134c
cabc5869-0bcd-46cd-b31b-cb1f92a07637,fc5fbe7a-562d-d577-b05e-46797caa134c
cb2f1977-325c-466b-a221-f669d25ab9b3,fc5fbe7a-562d-d577-b05e-46797caa134c
cb80bd37-69bb-42b2-bc1d-99e4456b1c1f,fc5fbe7a-562d-d577-b05e-46797caa134c
cbcee62e-f0eb-4ebb-87eb-23a64ec28094,fc5fbe7a-562d-d577-b05e-46797caa134c
cd9041a2-4f80-446e-94c3-9acaa784b35a,fc5fbe7a-562d-d577-b05e-46797caa134c
cf2ea2b8-d5a5-4699-8a95-448e985c9acc,fc5fbe7a-562d-d577-b05e-46797caa134c
cf57ed55-eff0-4987-94bc-43fbbe3387b4,fc5fbe7a-562d-d577-b05e-46797caa134c
d0bb95e3-004a-4a59-91ab-f3453867d0df,fc5fbe7a-562d-d577-b05e-46797caa134c
d13d93e8-234c-4767-b5e7-61338f229aa4,fc5fbe7a-562d-d577-b05e-46797caa134c
d2121787-5b56-47f8-ab3a-b3782d98ea6f,fc5fbe7a-562d-d577-b05e-46797caa134c
d4df6e26-a4c7-4483-a539-2f3391343c7b,fc5fbe7a-562d-d577-b05e-46797caa134c
d6e821c7-6f38-4352-b22b-cb1e7ac2cbde,fc5fbe7a-562d-d577-b05e-46797caa134c
d81247e9-03ec-4470-b677-eee8703306eb,fc5fbe7a-562d-d577-b05e-46797caa134c
d859edba-6ef9-4613-8fd1-c365395cddb5,fc5fbe7a-562d-d577-b05e-46797caa134c
d9058b8e-702f-4582-94e8-db41489d559a,fc5fbe7a-562d-d577-b05e-46797caa134c
d963c2f8-5f92-42d2-90e1-5e3ffad7fe21,fc5fbe7a-562d-d577-b05e-46797caa134c
d9eb46dd-5c7e-4d8a-bf59-4d458d47ffec,fc5fbe7a-562d-d577-b05e-46797caa134c
da39238c-bbcc-464c-9914-4d925665c84b,fc5fbe7a-562d-d577-b05e-46797caa134c
da4f7ea3-ff31-4c1d-ac8c-610d3e05aac0,fc5fbe7a-562d-d577-b05e-46797caa134c
db1990cb-60d2-435c-a5cb-f77c3b57f00e,fc5fbe7a-562d-d577-b05e-46797caa134c
db2d498b-baa9-4caa-9779-6f9b284d3adc,fc5fbe7a-562d-d577-b05e-46797caa134c
dba0f083-6520-4c91-b7bc-a5624c1f1a0b,fc5fbe7a-562d-d577-b05e-46797caa134c
dd5f163a-0a87-4b95-8a69-beed0ca790b8,fc5fbe7a-562d-d577-b05e-46797caa134c
de72396b-c26a-41c5-a3a0-f34077932f58,fc5fbe7a-562d-d577-b05e-46797caa134c
df0c9132-744a-4200-a72c-20237f996b46,fc5fbe7a-562d-d577-b05e-46797caa134c
df9d229e-6336-4538-9945-98bd69a4ab20,fc5fbe7a-562d-d577-b05e-46797caa134c
dff8cb3c-093a-4cc3-bcbd-52f6040a8e29,fc5fbe7a-562d-d577-b05e-46797caa134c
e019e9c5-b763-405f-b864-8f98f0a840e5,fc5fbe7a-562d-d577-b05e-46797caa134c
e12ee6eb-45e7-4574-8c56-8623da5378fc,fc5fbe7a-562d-d577-b05e-46797caa134c
e18d276f-21e4-4eba-b166-328f6c816015,fc5fbe7a-562d-d577-b05e-46797caa134c
e1aeefbf-e37e-496c-ac31-60330284d55c,fc5fbe7a-562d-d577-b05e-46797caa134c
e1c5b888-7c73-478f-a689-c8303babe562,fc5fbe7a-562d-d577-b05e-46797caa134c
e1ee59dc-4a97-4e54-a513-1696ed34ac2a,fc5fbe7a-562d-d577-b05e-46797caa134c
e2a310b1-88a3-47a2-a148-0a036e27ca28,fc5fbe7a-562d-d577-b05e-46797caa134c
e310e9b0-8706-4ceb-9bcc-697cad0829f2,fc5fbe7a-562d-d577-b05e-46797caa134c
e3e52d1e-e24d-4b04-a0ba-01856e5a9c51,fc5fbe7a-562d-d577-b05e-46797caa134c
e4f012c5-f370-4b8a-9339-6bef66e8c604,fc5fbe7a-562d-d577-b05e-46797caa134c
e531cde7-53cd-4771-a8ba-43cf9e7b5493,fc5fbe7a-562d-d577-b05e-46797caa134c
e5629f64-bf61-4e89-a4e3-dd188249a1bf,fc5fbe7a-562d-d577-b05e-46797caa134c
e6afbb4e-06af-4913-bb3f-1844b332ff4f,fc5fbe7a-562d-d577-b05e-46797caa134c
e8079ebd-9e64-4252-ba8f-f7366f28121d,fc5fbe7a-562d-d577-b05e-46797caa134c
e836dfbe-781b-4595-b51b-15d1d6b54074,fc5fbe7a-562d-d577-b05e-46797caa134c
e8b1008c-96ad-47b9-bc28-bc2148aef879,fc5fbe7a-562d-d577-b05e-46797caa134c
e9cf9a7f-ddd2-42d3-98b6-35bb5ba63bc7,fc5fbe7a-562d-d577-b05e-46797caa134c
ea0c74ad-6dff-4d9a-b386-fc2c134223cd,fc5fbe7a-562d-d577-b05e-46797caa134c
ea8f1165-eb94-430f-a0a7-09d5432f198d,fc5fbe7a-562d-d577-b05e-46797caa134c
eaa8b27f-4865-45c5-93a0-077b601784f4,fc5fbe7a-562d-d577-b05e-46797caa134c
eb66b2d2-e893-4b23-b1dd-76581e7b118b,fc5fbe7a-562d-d577-b05e-46797caa134c
ec6b2ebb-3fc8-43b5-89b1-8536f84bd7b0,fc5fbe7a-562d-d577-b05e-46797caa134c
eef732f4-a616-4553-8deb-4064f65b06e6,fc5fbe7a-562d-d577-b05e-46797caa134c
ef6252a5-c6f5-4eb8-9196-4e182d5a7dbf,fc5fbe7a-562d-d577-b05e-46797caa134c
f0a16901-c8df-4aba-a1da-fe2921a54303,fc5fbe7a-562d-d577-b05e-46797caa134c
f14ee980-1cd1-4d89-91fa-ddfb52ebaef4,fc5fbe7a-562d-d577-b05e-46797caa134c
f29132e6-652c-42d0-94f3-86a32927881a,fc5fbe7a-562d-d577-b05e-46797caa134c
f35ac07b-cff6-4a16-92fa-fef73adae8a2,fc5fbe7a-562d-d577-b05e-46797caa134c
f45edd78-4f0d-471b-8097-87120cac8ff5,fc5fbe7a-562d-d577-b05e-46797caa134c
f4c4f9a7-ef85-4f76-b8b3-33c3cfbdb726,fc5fbe7a-562d-d577-b05e-46797caa134c
f57e384b-3a40-486e-ba8c-8936379ef7b4,fc5fbe7a-562d-d577-b05e-46797caa134c
f58cfc41-5385-44a8-8c1e-887768c5b0e1,fc5fbe7a-562d-d577-b05e-46797caa134c
f68f709f-1958-43cc-bc91-4ba8dfefe0c2,fc5fbe7a-562d-d577-b05e-46797caa134c
f6c599fd-d848-45c5-9afb-0ef47ce6814f,fc5fbe7a-562d-d577-b05e-46797caa134c
f7710fe2-dec0-414a-bcca-c25f8b2fa25a,fc5fbe7a-562d-d577-b05e-46797caa134c
f77eb571-9521-4c8d-9214-f275c5b3b0fa,fc5fbe7a-562d-d577-b05e-46797caa134c
f7a5567b-cebb-40ca-9864-95aa18f97c6c,fc5fbe7a-562d-d577-b05e-46797caa134c
f87a883d-86ae-4457-8d01-01439df9de10,fc5fbe7a-562d-d577-b05e-46797caa134c
f8eb2109-09cc-44cf-8f43-7fcb20058e70,fc5fbe7a-562d-d577-b05e-46797caa134c
f9b8db1e-2b9a-4740-9493-f967b10f1ad8,fc5fbe7a-562d-d577-b05e-46797caa134c
fa9406a6-ddc9-4302-a901-9ea9eb3034f3,fc5fbe7a-562d-d577-b05e-46797caa134c
fae9b3c0-71f0-4f32-9ab7-f7033a0eee6f,fc5fbe7a-562d-d577-b05e-46797caa134c
fb350241-6667-4f81-a996-cee891a672cd,fc5fbe7a-562d-d577-b05e-46797caa134c
fbbbd564-5f06-44d8-97b2-d9b0b615af82,fc5fbe7a-562d-d577-b05e-46797caa134c
fd46a27d-e025-4244-9989-ad8acb19ede7,fc5fbe7a-562d-d577-b05e-46797caa134c
fd81b46c-981d-430c-bf8b-d1b16d533056,fc5fbe7a-562d-d577-b05e-46797caa134c
fe4f9c25-cd0a-475b-9c9b-d5b12917d1e8,fc5fbe7a-562d-d577-b05e-46797caa134c
ff571032-5cf2-4a17-8e09-613a1ac46688,fc5fbe7a-562d-d577-b05e-46797caa134c
028a7c66-e96f-448f-8368-4d588f222c93,3e683191-c38b-5166-9ae3-8bfc3b975859
0291e7bc-47fc-4ff6-8572-b5be50b7b76b,3e683191-c38b-5166-9ae3-8bfc3b975859
034f1faa-0487-4c56-a888-dfbeaec2bfd5,3e683191-c38b-5166-9ae3-8bfc3b975859
072b0638-a0a0-4100-beea-405f12fb2c3e,3e683191-c38b-5166-9ae3-8bfc3b975859
080c196c-5124-4c4f-9080-b94a830207ed,3e683191-c38b-5166-9ae3-8bfc3b975859
0bddf418-6640-40c5-b155-4f174ac7e1b2,3e683191-c38b-5166-9ae3-8bfc3b975859
0f91eb6e-fd9a-4308-b3cc-d6202e108518,3e683191-c38b-5166-9ae3-8bfc3b975859
10bcba5d-e901-467b-8a89-45c98a726bc6,3e683191-c38b-5166-9ae3-8bfc3b975859
17909e96-fce2-4c63-945a-261a238f2aae,3e683191-c38b-5166-9ae3-8bfc3b975859
17ba9460-db9b-4a68-b47a-78854c4d2ee8,3e683191-c38b-5166-9ae3-8bfc3b975859
183e02d1-6092-4f94-a59c-4995e07db3a5,3e683191-c38b-5166-9ae3-8bfc3b975859
18efb425-ec6d-4c86-a10b-87bdfd29509e,3e683191-c38b-5166-9ae3-8bfc3b975859
191ab352-f6f9-4559-9d83-407b47b4f2a4,3e683191-c38b-5166-9ae3-8bfc3b975859
19f575eb-9c85-4072-b856-743d915fd87e,3e683191-c38b-5166-9ae3-8bfc3b975859
1c2ca50f-de96-42ec-927e-e2da2e2da328,3e683191-c38b-5166-9ae3-8bfc3b975859
1c2dc812-b6c7-424c-8bf1-92695747e71e,3e683191-c38b-5166-9ae3-8bfc3b975859
203f329f-38d6-4ce6-9fda-34151ee6fae3,3e683191-c38b-5166-9ae3-8bfc3b975859
21248895-7e93-4872-b225-980c8b2cef55,3e683191-c38b-5166-9ae3-8bfc3b975859
212798ad-4351-4678-b39a-fc07eb114645,3e683191-c38b-5166-9ae3-8bfc3b975859
222a843f-950a-4e4a-a480-39e27271e53d,3e683191-c38b-5166-9ae3-8bfc3b975859
26c309f6-4256-466d-ad4a-bb2fb149b89e,3e683191-c38b-5166-9ae3-8bfc3b975859
27531f11-e6fc-4e2f-8f88-016135aaa111,3e683191-c38b-5166-9ae3-8bfc3b975859
2a67ff8b-dab1-40b9-8a7d-5459710ca369,3e683191-c38b-5166-9ae3-8bfc3b975859
331ea0ee-c257-41a6-8bfc-a474cc498c76,3e683191-c38b-5166-9ae3-8bfc3b975859
349706b3-269a-479a-a66a-c2758a6f66b9,3e683191-c38b-5166-9ae3-8bfc3b975859
3874bc23-ffd1-44fd-8f56-292923adbfae,3e683191-c38b-5166-9ae3-8bfc3b975859
3a499faa-14af-412e-a8aa-98e9dda67e99,3e683191-c38b-5166-9ae3-8bfc3b975859
3f21dccd-425b-4943-9781-3a9db4194ff7,3e683191-c38b-5166-9ae3-8bfc3b975859
3fff28b9-0f42-4fca-8a5d-e28fbfa01b97,3e683191-c38b-5166-9ae3-8bfc3b975859
45564ac0-9468-4c0b-a623-4e0c2fce9cc4,3e683191-c38b-5166-9ae3-8bfc3b975859
4a611d16-bd78-429f-8521-eba4abfa5964,3e683191-c38b-5166-9ae3-8bfc3b975859
4de99c77-950a-4f1e-b810-5d0e7a7321a0,3e683191-c38b-5166-9ae3-8bfc3b975859
5149ee62-a6a0-4986-af36-c2e1e4ccde8b,3e683191-c38b-5166-9ae3-8bfc3b975859
58238ff1-b6e6-4d75-aaed-63cae6842b60,3e683191-c38b-5166-9ae3-8bfc3b975859
58b44570-fb15-448d-83f7-45e1e5c42ce2,3e683191-c38b-5166-9ae3-8bfc3b975859
5b6e3bd4-c010-41b9-b2b9-0370ad769ec7,3e683191-c38b-5166-9ae3-8bfc3b975859
5dbfb172-00e6-4f4f-b6cb-9e6ed897ad62,3e683191-c38b-5166-9ae3-8bfc3b975859
60d8c3b1-8f2c-4f16-a02c-1f5d91dfeb37,3e683191-c38b-5166-9ae3-8bfc3b975859
619f06ee-4fde-460a-bc5a-2fdde51da579,3e683191-c38b-5166-9ae3-8bfc3b975859
6b4dd060-ba14-4607-bc60-868256060f74,3e683191-c38b-5166-9ae3-8bfc3b975859
6e9ecf1e-1705-499a-a6b1-718e1b8157b0,3e683191-c38b-5166-9ae3-8bfc3b975859
701d90db-62e7-4a58-ba04-49b14dbc5b9b,3e683191-c38b-5166-9ae3-8bfc3b975859
7086bbae-32bf-4bc6-808c-9173747fd570,3e683191-c38b-5166-9ae3-8bfc3b975859
70c044ea-3390-4c85-b70c-793b50e2aaad,3e683191-c38b-5166-9ae3-8bfc3b975859
7291fa3b-1d8d-48ee-8281-994ed07aaea5,3e683191-c38b-5166-9ae3-8bfc3b975859
738d6cde-8d50-4d78-a4f1-a962e1a5e125,3e683191-c38b-5166-9ae3-8bfc3b975859
75ac187f-a8fa-4258-af56-75e18f744aa1,3e683191-c38b-5166-9ae3-8bfc3b975859
75f5cd1a-4cea-4d38-b364-b66af6d13bd6,3e683191-c38b-5166-9ae3-8bfc3b975859
76a035b1-7139-4b18-ac1b-ca69e35a350f,3e683191-c38b-5166-9ae3-8bfc3b975859
777ec3c7-d100-48e3-b675-03ce099f68ac,3e683191-c38b-5166-9ae3-8bfc3b975859
7aa0d9a1-e2d5-4a88-9ed0-21c9c26287ff,3e683191-c38b-5166-9ae3-8bfc3b975859
7b2a81f0-eaca-4028-9559-97156f5f96f6,3e683191-c38b-5166-9ae3-8bfc3b975859
7c97289d-ce45-4de1-9004-9ec81598401c,3e683191-c38b-5166-9ae3-8bfc3b975859
8500a7de-bc86-449f-9714-00196e87347d,3e683191-c38b-5166-9ae3-8bfc3b975859
8d6f4058-9709-4b98-95ad-806e4aaea3c8,3e683191-c38b-5166-9ae3-8bfc3b975859
8deb0e87-1f4b-407f-ba94-91dc29faa893,3e683191-c38b-5166-9ae3-8bfc3b975859
8fdb6031-8256-4ca8-8f08-d756eeed6532,3e683191-c38b-5166-9ae3-8bfc3b975859
8fead41b-1289-4616-9eda-6c1ad92e403e,3e683191-c38b-5166-9ae3-8bfc3b975859
90a89309-9325-4b5d-9595-ee5df51e2ec7,3e683191-c38b-5166-9ae3-8bfc3b975859
9383b18f-6333-4603-ba51-474759e349a5,3e683191-c38b-5166-9ae3-8bfc3b975859
9774f439-7bcc-4359-808c-070077494c40,3e683191-c38b-5166-9ae3-8bfc3b975859
99a76226-2b17-4039-b0c2-26edf8006a17,3e683191-c38b-5166-9ae3-8bfc3b975859
9aad45f9-d6cb-41fa-a9e2-94cbd706aee7,3e683191-c38b-5166-9ae3-8bfc3b975859
9e24671f-f623-459f-aef0-34ba7f21b6a8,3e683191-c38b-5166-9ae3-8bfc3b975859
a31c7ef2-39da-4aaf-9548-10a4379d60db,3e683191-c38b-5166-9ae3-8bfc3b975859
a34ffe21-6a6e-4a96-82a3-1a945d87bf2f,3e683191-c38b-5166-9ae3-8bfc3b975859
a3bfaee3-4206-4581-80bc-13960425daa4,3e683191-c38b-5166-9ae3-8bfc3b975859
ac55bcad-78f1-4cc1-bfba-5110408708db,3e683191-c38b-5166-9ae3-8bfc3b975859
ad64f53b-d831-4bbd-975f-c6542379f6dd,3e683191-c38b-5166-9ae3-8bfc3b975859
b1252720-a401-4ab9-84d1-482f35c7e4ad,3e683191-c38b-5166-9ae3-8bfc3b975859
b1bf0108-53fe-47eb-aaf2-ae2b840c8bf1,3e683191-c38b-5166-9ae3-8bfc3b975859
b3a92a1a-8014-40ca-9303-2f00acce2155,3e683191-c38b-5166-9ae3-8bfc3b975859
b3e8bb56-295a-4f32-a0db-55a188af80c6,3e683191-c38b-5166-9ae3-8bfc3b975859
ba03e898-9a36-4d1e-bb2e-ec93cc4e1e02,3e683191-c38b-5166-9ae3-8bfc3b975859
bb1b93b1-6170-4c3f-83fe-39c0c11548cc,3e683191-c38b-5166-9ae3-8bfc3b975859
bc0decef-38dd-4fd2-8d5e-a8106355dff4,3e683191-c38b-5166-9ae3-8bfc3b975859
bc5b4a49-a499-4cec-8c57-f143f9782459,3e683191-c38b-5166-9ae3-8bfc3b975859
bd0bf421-c4f2-4684-aa45-e690b30f1bf3,3e683191-c38b-5166-9ae3-8bfc3b975859
bdc41d9d-daaf-4449-895c-1e5569069f46,3e683191-c38b-5166-9ae3-8bfc3b975859
c5ebc63a-c47f-42a7-9885-a59ac9630350,3e683191-c38b-5166-9ae3-8bfc3b975859
c62b79b5-f34d-4f7a-9d8e-7af944179bd9,3e683191-c38b-5166-9ae3-8bfc3b975859
c701609d-81b8-4ce3-9acc-1d52ee7d2084,3e683191-c38b-5166-9ae3-8bfc3b975859
c7c39ec0-58a1-49ef-9940-f627da72afc1,3e683191-c38b-5166-9ae3-8bfc3b975859
c991f0d5-6ed1-4c48-9b55-5a3a962960dd,3e683191-c38b-5166-9ae3-8bfc3b975859
cd8580b1-4f08-4e6d-b16b-0282f4bf8498,3e683191-c38b-5166-9ae3-8bfc3b975859
cf49afb0-f27e-4004-9e61-1a268d331732,3e683191-c38b-5166-9ae3-8bfc3b975859
d1738922-97f8-4d4b-8ffe-82b01e6f286e,3e683191-c38b-5166-9ae3-8bfc3b975859
d1bf2383-f2ff-4ffb-92b3-09309a30b29a,3e683191-c38b-5166-9ae3-8bfc3b975859
d4247731-63f3-4910-9d3c-1bedfc52b17e,3e683191-c38b-5166-9ae3-8bfc3b975859
d477d838-f65e-4bf7-b4fb-da365671204f,3e683191-c38b-5166-9ae3-8bfc3b975859
d4ede9c0-495a-4d90-a9f6-b3242e1c1044,3e683191-c38b-5166-9ae3-8bfc3b975859
d8a7cd92-5073-4b24-ba39-3a85e66abcdf,3e683191-c38b-5166-9ae3-8bfc3b975859
dd2714b3-68da-45b0-a3f0-a826a06030fb,3e683191-c38b-5166-9ae3-8bfc3b975859
e1c59f30-db7a-4075-a71f-5446a5cf90e7,3e683191-c38b-5166-9ae3-8bfc3b975859
e34fa106-59fa-4587-b464-963f66647ba1,3e683191-c38b-5166-9ae3-8bfc3b975859
e5497727-339b-4892-8bf0-39ce55f75ed7,3e683191-c38b-5166-9ae3-8bfc3b975859
e54a711c-a9a5-40cb-848b-92b9a199a14c,3e683191-c38b-5166-9ae3-8bfc3b975859
e5e433ed-f2fc-4c86-8736-afb5bc9abbb3,3e683191-c38b-5166-9ae3-8bfc3b975859
e7c3bab8-e26a-4f9f-93ae-60f26db8cb41,3e683191-c38b-5166-9ae3-8bfc3b975859
e81f04dc-6afc-41fd-a170-5e7d34bbff84,3e683191-c38b-5166-9ae3-8bfc3b975859
e8f78203-4c95-43c5-8e9f-9993ae767c3c,3e683191-c38b-5166-9ae3-8bfc3b975859
e9fde337-66a5-44f5-aa9a-26b49a05bb58,3e683191-c38b-5166-9ae3-8bfc3b975859
ef819586-a0c1-40b5-9930-e04cdfe5ef5a,3e683191-c38b-5166-9ae3-8bfc3b975859
efe07002-d455-443c-8a4c-60d4f6d739c5,3e683191-c38b-5166-9ae3-8bfc3b975859
f24bc58d-acec-413e-975b-53fab748dc87,3e683191-c38b-5166-9ae3-8bfc3b975859
f2a25c3f-8a15-4f6f-829a-bd9a580f7a34,3e683191-c38b-5166-9ae3-8bfc3b975859
f90889a0-6dae-4034-ba38-39081015efce,3e683191-c38b-5166-9ae3-8bfc3b975859
f9e7c712-4b4b-42f7-bac1-78762bcd3003,3e683191-c38b-5166-9ae3-8bfc3b975859
fb19a88f-34da-439d-a7cd-fb88cffe5020,3e683191-c38b-5166-9ae3-8bfc3b975859
fbba9af0-0b41-4e30-884d-5e5ec11ecc53,3e683191-c38b-5166-9ae3-8bfc3b975859
fd516356-5579-4d6d-b613-6d9f5052dbef,3e683191-c38b-5166-9ae3-8bfc3b975859
fed63e08-cb80-4e96-b295-82b3370c0422,3e683191-c38b-5166-9ae3-8bfc3b975859
0197dac3-744c-4d56-a6d9-448977c019e4,fb1e0239-94df-a94c-56d9-28956a629ed9
073f0eee-2e46-48c6-8395-8c676f9da8e3,fb1e0239-94df-a94c-56d9-28956a629ed9
0a70d532-5510-4bfb-b37d-05a68edf8950,fb1e0239-94df-a94c-56d9-28956a629ed9
0d6a6c2d-0ef7-4986-b549-e0fe41317828,fb1e0239-94df-a94c-56d9-28956a629ed9
0eb36e70-c9f7-48dd-a761-af26a3c8d681,fb1e0239-94df-a94c-56d9-28956a629ed9
0f2456d5-6f5b-4d23-9e8a-95617e7154af,fb1e0239-94df-a94c-56d9-28956a629ed9
166c962f-1fdf-4bc2-b267-4d5030a50f8f,fb1e0239-94df-a94c-56d9-28956a629ed9
167ef953-4daa-4173-89d0-399fb3300548,fb1e0239-94df-a94c-56d9-28956a629ed9
17f03792-7ecd-435d-8729-e630ffe23a89,fb1e0239-94df-a94c-56d9-28956a629ed9
18911c2d-df88-40d7-8676-49fa3a76a36d,fb1e0239-94df-a94c-56d9-28956a629ed9
1a26a837-89cd-41ef-a5c8-11c4af52aed5,fb1e0239-94df-a94c-56d9-28956a629ed9
1bbf213d-3ddf-415c-93b5-1de3ccd0aedc,fb1e0239-94df-a94c-56d9-28956a629ed9
1e91708b-174d-4457-b3b2-422b8f7e5d48,fb1e0239-94df-a94c-56d9-28956a629ed9
1f059e8b-d39b-45fb-a34c-8ca8586c35a0,fb1e0239-94df-a94c-56d9-28956a629ed9
2244d581-52c3-4c1a-8794-3ab0be8afd1f,fb1e0239-94df-a94c-56d9-28956a629ed9
235854c7-b137-4d58-956b-c49180e52edc,fb1e0239-94df-a94c-56d9-28956a629ed9
24af3000-2f39-450a-b36c-bff7a76725d8,fb1e0239-94df-a94c-56d9-28956a629ed9
258a5930-c44d-480a-a4cc-ccc27cc05a5d,fb1e0239-94df-a94c-56d9-28956a629ed9
273ec35f-4183-4868-9c0a-4dcfa801b55f,fb1e0239-94df-a94c-56d9-28956a629ed9
27b845b4-a199-49fa-b22f-7cc3d44194bd,fb1e0239-94df-a94c-56d9-28956a629ed9
28503579-1f38-4b51-80b8-e89af717b855,fb1e0239-94df-a94c-56d9-28956a629ed9
29c4787d-7807-42e0-b15f-8aa8961114fb,fb1e0239-94df-a94c-56d9-28956a629ed9
2c40027a-9705-49aa-a406-0cd4a1da8e33,fb1e0239-94df-a94c-56d9-28956a629ed9
2d9a9840-8d96-46fb-a5b7-46aed324f9a2,fb1e0239-94df-a94c-56d9-28956a629ed9
307d2c96-be03-482b-83ef-26a95cfdcf46,fb1e0239-94df-a94c-56d9-28956a629ed9
314f7e85-32f6-4b4a-b446-1fba68fe92cb,fb1e0239-94df-a94c-56d9-28956a629ed9
326b1d16-bc80-437f-8902-f3435300aa95,fb1e0239-94df-a94c-56d9-28956a629ed9
34b3a146-5d01-4035-beb5-1650bba4a417,fb1e0239-94df-a94c-56d9-28956a629ed9
34c2cbeb-030a-414c-974f-6413b20443fd,fb1e0239-94df-a94c-56d9-28956a629ed9
36f6181e-c2a6-46eb-afec-1f03c6dfac9e,fb1e0239-94df-a94c-56d9-28956a629ed9
372600ce-e545-45d6-9049-adebb01a26fd,fb1e0239-94df-a94c-56d9-28956a629ed9
378bcb94-b27a-4a0f-a835-1a7bdd0cc803,fb1e0239-94df-a94c-56d9-28956a629ed9
38a29254-511f-40c1-916a-3eb7b279453a,fb1e0239-94df-a94c-56d9-28956a629ed9
442231c9-2f59-48cc-8b4d-81574f93d3c0,fb1e0239-94df-a94c-56d9-28956a629ed9
44477c83-9b97-4a46-b373-47f6e8ecf775,fb1e0239-94df-a94c-56d9-28956a629ed9
4f667d8d-5882-4f8e-b3d2-1fdfde450dcc,fb1e0239-94df-a94c-56d9-28956a629ed9
51dcc367-253e-4dcd-af4a-e382029acc48,fb1e0239-94df-a94c-56d9-28956a629ed9
526f2f53-0a41-4005-b55c-29cc3cd3a563,fb1e0239-94df-a94c-56d9-28956a629ed9
5336c302-c506-4a56-a043-30c5f9185bb1,fb1e0239-94df-a94c-56d9-28956a629ed9
539ad151-5863-4818-a009-5e691b8300d6,fb1e0239-94df-a94c-56d9-28956a629ed9
54eaff7e-49c3-4fb1-b6a8-168801aeba60,fb1e0239-94df-a94c-56d9-28956a629ed9
5b742f30-02ec-49b0-871c-edad9cbb4777,fb1e0239-94df-a94c-56d9-28956a629ed9
5b95d291-5eea-4d39-a8e2-da4a87f7a31a,fb1e0239-94df-a94c-56d9-28956a629ed9
613a84c1-eeea-47a2-b6ed-be38e585bb7c,fb1e0239-94df-a94c-56d9-28956a629ed9
6326cfb1-c4ee-4ab3-bd3f-18a30c14d1e6,fb1e0239-94df-a94c-56d9-28956a629ed9
65e2e867-139a-4135-b166-ae53fa728971,fb1e0239-94df-a94c-56d9-28956a629ed9
66ad3dfc-5900-426d-8b67-2eafa3180685,fb1e0239-94df-a94c-56d9-28956a629ed9
6a7b935d-656e-4dde-bb9e-f7a0d71d11c7,fb1e0239-94df-a94c-56d9-28956a629ed9
6e2bb1a6-63b3-4cc3-97e1-f8a4b3b36d28,fb1e0239-94df-a94c-56d9-28956a629ed9
709b7676-36d9-4e68-b8f8-dbcc32254545,fb1e0239-94df-a94c-56d9-28956a629ed9
71d388ab-7864-485d-a6e0-e8cbce0b8ef9,fb1e0239-94df-a94c-56d9-28956a629ed9
73caa4b1-60b9-486d-a4ba-34dfcb93b7ac,fb1e0239-94df-a94c-56d9-28956a629ed9
7a2b4e72-ecd1-4667-b818-2ab43a0b5c2d,fb1e0239-94df-a94c-56d9-28956a629ed9
7ea6e3f1-6ab9-4202-ab97-3c12618da060,fb1e0239-94df-a94c-56d9-28956a629ed9
7f3786ba-2f77-4e49-ad50-4ec3de2e6b0f,fb1e0239-94df-a94c-56d9-28956a629ed9
81a2f999-8b85-4e29-8108-7db9e9df3f1c,fb1e0239-94df-a94c-56d9-28956a629ed9
832a7cd1-ed99-4798-8afd-f92a665b0168,fb1e0239-94df-a94c-56d9-28956a629ed9
83b902f2-014a-48a4-9d75-9e7761b910e9,fb1e0239-94df-a94c-56d9-28956a629ed9
8a5cd44d-4743-4cee-95c1-c822558482de,fb1e0239-94df-a94c-56d9-28956a629ed9
8cc282ec-4a2f-4399-aef8-fe9a6368870c,fb1e0239-94df-a94c-56d9-28956a629ed9
8ea324a3-2350-4662-8c8a-25661e03b94a,fb1e0239-94df-a94c-56d9-28956a629ed9
905a8f0f-157e-47b4-a29f-28cbc254abee,fb1e0239-94df-a94c-56d9-28956a629ed9
937dc1e5-bfde-4946-8e2b-848f385f453b,fb1e0239-94df-a94c-56d9-28956a629ed9
94ad0794-cf5f-44aa-8e8f-eab2ae1f052f,fb1e0239-94df-a94c-56d9-28956a629ed9
9547ad51-95ff-431d-a2b8-26ad2d84426e,fb1e0239-94df-a94c-56d9-28956a629ed9
95f6cd2d-24da-40a6-8c8b-faa358435a11,fb1e0239-94df-a94c-56d9-28956a629ed9
9e9f4cc7-1d17-4dba-b1bb-f13ce328023f,fb1e0239-94df-a94c-56d9-28956a629ed9
a023f6ca-d4b9-4117-ab92-17351529f00d,fb1e0239-94df-a94c-56d9-28956a629ed9
a0fb3f77-afd6-4089-bd21-1f1b7b8dd0c9,fb1e0239-94df-a94c-56d9-28956a629ed9
a1c19e2a-2d2d-44c6-b935-02a1a2b145db,fb1e0239-94df-a94c-56d9-28956a629ed9
a3fbc4eb-a6fe-4853-91d3-d28f8f2bbe44,fb1e0239-94df-a94c-56d9-28956a629ed9
a8a40126-8160-4bf4-8b37-345a271a6361,fb1e0239-94df-a94c-56d9-28956a629ed9
a90a1929-d0a3-4973-9f10-3f008064d025,fb1e0239-94df-a94c-56d9-28956a629ed9
a977a32b-77c4-4e22-a67d-fb879d658c5f,fb1e0239-94df-a94c-56d9-28956a629ed9
abdaa34c-90a7-420c-9069-da1126f9f376,fb1e0239-94df-a94c-56d9-28956a629ed9
af7ae83f-3b15-4c5a-9c02-642f3ed7e827,fb1e0239-94df-a94c-56d9-28956a629ed9
b347f9a2-16d0-4bac-87a4-2b0b306dd6fe,fb1e0239-94df-a94c-56d9-28956a629ed9
b88582fa-c7d4-4740-bb26-88b95bfcd3d0,fb1e0239-94df-a94c-56d9-28956a629ed9
b9bc9fc7-479e-4ecb-bcf0-12d8d745d83d,fb1e0239-94df-a94c-56d9-28956a629ed9
bb2af66e-a9e9-4a0f-85ba-46168c1d6ee1,fb1e0239-94df-a94c-56d9-28956a629ed9
bec9a922-d5c8-41a0-a75d-afd4f9d9cc07,fb1e0239-94df-a94c-56d9-28956a629ed9
c0f4d94c-fc58-40e0-8ddc-0ec010b4d720,fb1e0239-94df-a94c-56d9-28956a629ed9
c726379a-9b11-4de7-a2ee-176f078c27af,fb1e0239-94df-a94c-56d9-28956a629ed9
c7b46725-9a22-4151-8f27-b423fe27033a,fb1e0239-94df-a94c-56d9-28956a629ed9
ca7b1f30-b4fa-4852-81e4-5ea022caceef,fb1e0239-94df-a94c-56d9-28956a629ed9
cafd91f2-5499-4715-a4dd-3e7bb4fa87df,fb1e0239-94df-a94c-56d9-28956a629ed9
cb3658d6-63ba-44dd-a966-5754c2dbbeca,fb1e0239-94df-a94c-56d9-28956a629ed9
ce5355fe-f72a-4ca8-bd63-11bba7d8477e,fb1e0239-94df-a94c-56d9-28956a629ed9
d5525c03-7cee-42b4-bf1e-24a101b312b3,fb1e0239-94df-a94c-56d9-28956a629ed9
da91b9b4-46ae-4fe5-b4a4-fba82771f821,fb1e0239-94df-a94c-56d9-28956a629ed9
dc065f9f-244d-40e4-8413-c03c8aec562a,fb1e0239-94df-a94c-56d9-28956a629ed9
dc8fa12c-93dd-43fa-b62a-ef50310b61db,fb1e0239-94df-a94c-56d9-28956a629ed9
dd5f163a-0a87-4b95-8a69-beed0ca790b8,fb1e0239-94df-a94c-56d9-28956a629ed9
e59339f9-82a8-4a84-a918-7a3d5e89ad02,fb1e0239-94df-a94c-56d9-28956a629ed9
e9450f75-b351-473d-ac9b-39ff6fe49aab,fb1e0239-94df-a94c-56d9-28956a629ed9
ec2a3a62-700f-4eeb-a4b7-74fb476cb416,fb1e0239-94df-a94c-56d9-28956a629ed9
ee1aa59b-6e49-482d-ad57-b86b1e07bc3f,fb1e0239-94df-a94c-56d9-28956a629ed9
f161cadf-982f-4957-9766-aba2864b7203,fb1e0239-94df-a94c-56d9-28956a629ed9
f1e37d6a-9e93-4a34-9499-7d16fb6564cc,fb1e0239-94df-a94c-56d9-28956a629ed9
f23d9f2f-fbc6-4389-b8cf-4e59b8469d38,fb1e0239-94df-a94c-56d9-28956a629ed9
f2f5406b-22ea-45f3-9c71-fa2a6822554e,fb1e0239-94df-a94c-56d9-28956a629ed9
f47495d2-fd6d-4e63-aabf-f06fec8d6f44,fb1e0239-94df-a94c-56d9-28956a629ed9
f5db3fe7-5608-4263-9c98-0e1989100bcd,fb1e0239-94df-a94c-56d9-28956a629ed9
f773280e-d34c-4a1d-80c8-313b3989a351,fb1e0239-94df-a94c-56d9-28956a629ed9
f7b23e45-882d-43c2-88b0-03fbf99963dd,fb1e0239-94df-a94c-56d9-28956a629ed9
fada3c44-f23a-485a-b1af-47f6e8a4d041,fb1e0239-94df-a94c-56d9-28956a629ed9
fb800d27-e6f4-413a-a58f-8f143e794ab3,fb1e0239-94df-a94c-56d9-28956a629ed9
03e72b97-4287-4634-85ba-95d79b7583e5,ac6ef54a-1f35-a468-2001-f04dd3fc035e
04d4ce72-aed0-4a2a-b8c3-5b16d6a4be8d,ac6ef54a-1f35-a468-2001-f04dd3fc035e
08023c8c-8fcb-4818-89cd-a5c6026e7015,ac6ef54a-1f35-a468-2001-f04dd3fc035e
098953a7-ef21-4c3b-ac3e-1604a0914a74,ac6ef54a-1f35-a468-2001-f04dd3fc035e
0a7f8363-b93e-4c21-84b8-a8b12dc15b57,ac6ef54a-1f35-a468-2001-f04dd3fc035e
0d99ffc1-eae5-4f64-aa5f-1563b8c9659f,ac6ef54a-1f35-a468-2001-f04dd3fc035e
13aeafd8-0e50-4a93-9d57-a458d1d91084,ac6ef54a-1f35-a468-2001-f04dd3fc035e
19940697-672e-4e17-a171-ebdf0f3d027e,ac6ef54a-1f35-a468-2001-f04dd3fc035e
1a0673ad-0e40-4d44-9ebf-8ea0323b7c4e,ac6ef54a-1f35-a468-2001-f04dd3fc035e
1a2850a3-2e4c-48cc-8587-b3236a30129c,ac6ef54a-1f35-a468-2001-f04dd3fc035e
1ef35654-5770-4721-acc6-fedb78fe6f5b,ac6ef54a-1f35-a468-2001-f04dd3fc035e
22ba90b3-4c9a-4c30-af7f-3fc7c78a2fcc,ac6ef54a-1f35-a468-2001-f04dd3fc035e
279f8232-3575-4460-a1d9-550db9999fb6,ac6ef54a-1f35-a468-2001-f04dd3fc035e
2cadc1ac-a2e4-4f01-aa91-9b2b1a6d854a,ac6ef54a-1f35-a468-2001-f04dd3fc035e
2e073838-c156-448a-9818-ecfa7b2a26b4,ac6ef54a-1f35-a468-2001-f04dd3fc035e
36aca00f-5441-4516-8205-d1f8ed182cc3,ac6ef54a-1f35-a468-2001-f04dd3fc035e
38d2a5ce-a0cb-477f-bce0-9a996951f3a9,ac6ef54a-1f35-a468-2001-f04dd3fc035e
4a9f7f88-ac71-4213-a23b-2c5f935a6de2,ac6ef54a-1f35-a468-2001-f04dd3fc035e
521f230a-9a5f-4a15-b7a0-bd3891c9c372,ac6ef54a-1f35-a468-2001-f04dd3fc035e
5877989d-c249-43f9-bee2-9023b8ac5324,ac6ef54a-1f35-a468-2001-f04dd3fc035e
59060931-c66b-48c0-8ab1-1f8e21d02955,ac6ef54a-1f35-a468-2001-f04dd3fc035e
59ffccee-dc51-41b2-8b20-06f6d6c08527,ac6ef54a-1f35-a468-2001-f04dd3fc035e
5f2ea20d-85eb-4122-927a-dc878f8b223e,ac6ef54a-1f35-a468-2001-f04dd3fc035e
6bf8509d-b677-4c98-a998-39825eeb89f5,ac6ef54a-1f35-a468-2001-f04dd3fc035e
6ee3ac7a-f401-488e-907a-cb2343563d6a,ac6ef54a-1f35-a468-2001-f04dd3fc035e
70514954-3627-4008-9134-6f4a7f252b08,ac6ef54a-1f35-a468-2001-f04dd3fc035e
7811e0b3-eb2a-490a-8a78-0f62e4658f42,ac6ef54a-1f35-a468-2001-f04dd3fc035e
825e1d79-ed1d-402d-b097-5ec153864f90,ac6ef54a-1f35-a468-2001-f04dd3fc035e
84a698ec-3e75-447e-895d-b58d85bc7fa2,ac6ef54a-1f35-a468-2001-f04dd3fc035e
8cdc2422-05ab-4d5a-90ba-043bc774faad,ac6ef54a-1f35-a468-2001-f04dd3fc035e
907a327b-419c-46b9-b260-7a440a9a51cc,ac6ef54a-1f35-a468-2001-f04dd3fc035e
9734ae1e-2b44-49a4-9ce2-31f58f70ecea,ac6ef54a-1f35-a468-2001-f04dd3fc035e
9a596e0d-d34e-4289-ab7a-b2a71bab5451,ac6ef54a-1f35-a468-2001-f04dd3fc035e
9e576e06-a8a2-45d9-9558-9208868c272e,ac6ef54a-1f35-a468-2001-f04dd3fc035e
a07afcc2-b0b2-49e3-9aa0-63554003b3a8,ac6ef54a-1f35-a468-2001-f04dd3fc035e
a1d78b6c-f1b6-403c-a220-944f6af36a92,ac6ef54a-1f35-a468-2001-f04dd3fc035e
a9daee9d-5af3-407e-a687-cca389185317,ac6ef54a-1f35-a468-2001-f04dd3fc035e
b16fbee5-100c-40dc-aa73-b6fe4fced581,ac6ef54a-1f35-a468-2001-f04dd3fc035e
b545296a-27ab-4b70-819c-b869c69fba5a,ac6ef54a-1f35-a468-2001-f04dd3fc035e
bb01c588-fb54-4578-b206-cc9bab15f6f0,ac6ef54a-1f35-a468-2001-f04dd3fc035e
c1c32da6-d7fa-4bb6-8ba5-0494bc8b02d1,ac6ef54a-1f35-a468-2001-f04dd3fc035e
c395f69f-a3fc-4460-9ce1-806e59675fbf,ac6ef54a-1f35-a468-2001-f04dd3fc035e
c84c2180-9057-4171-a89e-0ed043a5d5a0,ac6ef54a-1f35-a468-2001-f04dd3fc035e
d2a438dd-d064-4837-a122-30f0e22c73b2,ac6ef54a-1f35-a468-2001-f04dd3fc035e
d4d34065-8f7f-48b2-a73c-25731c8aa2d9,ac6ef54a-1f35-a468-2001-f04dd3fc035e
e12996cd-0f09-4d15-bdd5-5231619467d3,ac6ef54a-1f35-a468-2001-f04dd3fc035e
e21edcec-efe4-444c-9f31-a66e9bcf43b3,ac6ef54a-1f35-a468-2001-f04dd3fc035e
e3f75598-2cd0-474b-9726-aecc00a1bf38,ac6ef54a-1f35-a468-2001-f04dd3fc035e
e4ba9d3a-3d1d-4208-8021-04cc5a18bd52,ac6ef54a-1f35-a468-2001-f04dd3fc035e
e69b0210-dd8e-43dd-859d-8fb271f78a52,ac6ef54a-1f35-a468-2001-f04dd3fc035e
e87a3943-f51e-4b8d-9c36-bb7f9bedc994,ac6ef54a-1f35-a468-2001-f04dd3fc035e
fe3dffc1-62ff-4e7f-b468-818f5c850816,ac6ef54a-1f35-a468-2001-f04dd3fc035e
0c31fea0-46cc-425c-88ab-d07d8e642ad9,fa4d9173-493b-f3d0-b343-c7e884aff7ad
0cad88c9-5b70-468f-9985-5711e1b6ca7d,fa4d9173-493b-f3d0-b343-c7e884aff7ad
1256dbc0-b2ee-4d0f-943b-a7801ca38504,fa4d9173-493b-f3d0-b343-c7e884aff7ad
1b307ec0-e9b6-458a-a1ab-f314abcb041c,fa4d9173-493b-f3d0-b343-c7e884aff7ad
1b52e25b-d714-422e-8935-fd0348a858e8,fa4d9173-493b-f3d0-b343-c7e884aff7ad
1bc55bf4-d1d0-4a10-8fd3-f4f73da5ce31,fa4d9173-493b-f3d0-b343-c7e884aff7ad
1ee40cd4-c0b1-48ec-b021-62f5cd7d03a1,fa4d9173-493b-f3d0-b343-c7e884aff7ad
22f7dd34-4bab-4aad-9e88-8c4d18b727ae,fa4d9173-493b-f3d0-b343-c7e884aff7ad
35125862-c7f6-4be9-8209-0ea03529056d,fa4d9173-493b-f3d0-b343-c7e884aff7ad
42bf773b-7d58-4e83-aba0-6845b5783387,fa4d9173-493b-f3d0-b343-c7e884aff7ad
49eb1c36-a080-4761-a381-cd034f617f33,fa4d9173-493b-f3d0-b343-c7e884aff7ad
4a49d332-a65e-4d00-8008-43a7963fc7bc,fa4d9173-493b-f3d0-b343-c7e884aff7ad
4cb3b8c2-6d5f-44f5-a10c-005c2f1332cc,fa4d9173-493b-f3d0-b343-c7e884aff7ad
4fab2c65-4f87-4a6f-b0ca-0b19b7da7676,fa4d9173-493b-f3d0-b343-c7e884aff7ad
56a1d61b-f654-4b0f-9838-09a56808c860,fa4d9173-493b-f3d0-b343-c7e884aff7ad
6281f84a-f70e-4333-a488-73f663b857b6,fa4d9173-493b-f3d0-b343-c7e884aff7ad
65326414-6878-4597-962f-ed44eea2cd21,fa4d9173-493b-f3d0-b343-c7e884aff7ad
6589ad3b-56a9-4e2b-809e-da1491acd9a1,fa4d9173-493b-f3d0-b343-c7e884aff7ad
660397b7-9fa3-415e-b9c0-ac8f5157d9fb,fa4d9173-493b-f3d0-b343-c7e884aff7ad
69d31092-164b-4fe8-8457-b8a4d3521301,fa4d9173-493b-f3d0-b343-c7e884aff7ad
6ea0e2be-a41e-4afa-bb04-41751185ed50,fa4d9173-493b-f3d0-b343-c7e884aff7ad
764a268c-8fc2-4fdb-a4f9-2b449acbde64,fa4d9173-493b-f3d0-b343-c7e884aff7ad
7ac3be88-5ceb-479e-a630-ac788385e862,fa4d9173-493b-f3d0-b343-c7e884aff7ad
87eca383-b4a8-430d-b4b9-526cdd2fe8b8,fa4d9173-493b-f3d0-b343-c7e884aff7ad
90a92613-f0bc-4b4b-811b-7c43df715fb7,fa4d9173-493b-f3d0-b343-c7e884aff7ad
90e056c4-32c6-4f77-ad72-3113c7df093b,fa4d9173-493b-f3d0-b343-c7e884aff7ad
921c61d9-2c14-4772-9679-5d71ef0212fc,fa4d9173-493b-f3d0-b343-c7e884aff7ad
a2124138-cef2-4b7d-a272-456ac7c7ff2a,fa4d9173-493b-f3d0-b343-c7e884aff7ad
a797c339-8fc6-484e-9ef2-d7b418d9102c,fa4d9173-493b-f3d0-b343-c7e884aff7ad
ab8002d3-ba63-42dd-8870-88566452b5a7,fa4d9173-493b-f3d0-b343-c7e884aff7ad
adc9d03b-55a9-4943-8ba8-bdb01ceacee6,fa4d9173-493b-f3d0-b343-c7e884aff7ad
ae20c844-5d01-405c-a610-b35b6d8dbea1,fa4d9173-493b-f3d0-b343-c7e884aff7ad
ae46c4e3-3cf9-484c-b2ee-bde16ae8d77c,fa4d9173-493b-f3d0-b343-c7e884aff7ad
b4589b1c-aa85-4072-bf61-b48b71e8ece1,fa4d9173-493b-f3d0-b343-c7e884aff7ad
ba7c8bd9-a4b0-4045-9c10-9b06c5e76b34,fa4d9173-493b-f3d0-b343-c7e884aff7ad
c5f4af4e-a158-4a6c-a863-a4ace2ebb999,fa4d9173-493b-f3d0-b343-c7e884aff7ad
c6aaee0c-331d-4ddd-8d2d-dc21010ba17f,fa4d9173-493b-f3d0-b343-c7e884aff7ad
d1daa10b-a9e2-43a2-9139-a11bad94d176,fa4d9173-493b-f3d0-b343-c7e884aff7ad
e41467cf-ff1e-4cae-8c87-bba244ec28c0,fa4d9173-493b-f3d0-b343-c7e884aff7ad
ed8bec98-ae42-45c1-b39e-bb56fccb6b10,fa4d9173-493b-f3d0-b343-c7e884aff7ad
ef23ad74-aa37-4deb-9cfa-fa65ad35a462,fa4d9173-493b-f3d0-b343-c7e884aff7ad
f07d3d05-c4e8-4c50-b8e8-50ba9e6e105b,fa4d9173-493b-f3d0-b343-c7e884aff7ad
f73aaa2b-3170-42d8-8e89-29a7aa07c6bd,fa4d9173-493b-f3d0-b343-c7e884aff7ad
fef4f142-72f1-4040-bd88-c38e21580862,fa4d9173-493b-f3d0-b343-c7e884aff7ad
0b300451-66ed-4a23-ad70-d2b5f9e6bf79,91638d36-44ab-c37f-2821-55046bbc042e
0ddb45e5-f04c-4acc-8385-6b6caa979c79,91638d36-44ab-c37f-2821-55046bbc042e
119f22aa-a597-4aac-a88b-b916812ebaf4,91638d36-44ab-c37f-2821-55046bbc042e
133edf52-1f64-45a5-be1d-a2d6c0e2ebe1,91638d36-44ab-c37f-2821-55046bbc042e
1bbc781a-284a-4078-a2d1-bd4e8dba2c37,91638d36-44ab-c37f-2821-55046bbc042e
1bcb333b-4834-45a0-b855-9e14a1ae39b1,91638d36-44ab-c37f-2821-55046bbc042e
261cfb11-ff3b-4227-8023-76eaaec37bc5,91638d36-44ab-c37f-2821-55046bbc042e
2998c428-2d18-4775-a0d7-90cfebe8d00c,91638d36-44ab-c37f-2821-55046bbc042e
38411cad-5ed4-49c2-b7bf-df0adea3709f,91638d36-44ab-c37f-2821-55046bbc042e
39a47e37-5231-47e8-a6e4-f61f632a42dc,91638d36-44ab-c37f-2821-55046bbc042e
462a328c-c298-4f13-9780-bb0a972ecdd9,91638d36-44ab-c37f-2821-55046bbc042e
49c45c7e-ec8a-4f11-87e2-cec95edc4713,91638d36-44ab-c37f-2821-55046bbc042e
4e8b6253-5b87-4751-a69d-b93b0f641a28,91638d36-44ab-c37f-2821-55046bbc042e
51409273-1fd1-46c3-92f8-3d939e6c1fce,91638d36-44ab-c37f-2821-55046bbc042e
597d91b2-7476-47c8-b7a2-6b6815de7bf0,91638d36-44ab-c37f-2821-55046bbc042e
62754bbf-18f0-401a-8bbc-e4f125e7ce26,91638d36-44ab-c37f-2821-55046bbc042e
6a53ae05-8620-4a15-8c8e-10d3ddc8bf98,91638d36-44ab-c37f-2821-55046bbc042e
79fe1c2f-c7f4-4064-9f6e-5b40233c07b3,91638d36-44ab-c37f-2821-55046bbc042e
81d4ea0e-ebae-483a-946d-1c6247cb34da,91638d36-44ab-c37f-2821-55046bbc042e
8b72e548-9aaf-4ec0-9aef-68f192c380ee,91638d36-44ab-c37f-2821-55046bbc042e
9864beae-dcca-4115-8f8e-5499b56604d2,91638d36-44ab-c37f-2821-55046bbc042e
9e12ab25-256b-4072-9b75-f5ac7033987f,91638d36-44ab-c37f-2821-55046bbc042e
a260c7da-0386-4b67-809f-ddcd98c13906,91638d36-44ab-c37f-2821-55046bbc042e
a8b1698d-8072-4a2a-8951-d3697bdc1d65,91638d36-44ab-c37f-2821-55046bbc042e
b5adba91-6710-427e-8656-a83aef975bc9,91638d36-44ab-c37f-2821-55046bbc042e
baf77386-4a0d-4e4b-b0b9-46355209dfa6,91638d36-44ab-c37f-2821-55046bbc042e
bfd7c2a9-6d13-4151-bc6e-68e0818bdda2,91638d36-44ab-c37f-2821-55046bbc042e
cb708a2d-4a8b-4b8f-ad67-467808508817,91638d36-44ab-c37f-2821-55046bbc042e
d57ac3c4-55ce-4cb7-ac82-255c78ea6d1f,91638d36-44ab-c37f-2821-55046bbc042e
edcd3db1-199e-49a8-b828-3ffcd044a519,91638d36-44ab-c37f-2821-55046bbc042e
ef4e8458-c3d6-49a7-9851-b7bc6a532ae2,91638d36-44ab-c37f-2821-55046bbc042e
f3ec2781-8bc1-489e-8694-d17305efd7f1,91638d36-44ab-c37f-2821-55046bbc042e
f4d3d44e-d151-4e73-ab30-1d71b3013ebd,91638d36-44ab-c37f-2821-55046bbc042e
fdcb4ba2-7870-45e9-938e-8ffc9c01f77b,91638d36-44ab-c37f-2821-55046bbc042e
04d897e5-164a-49c4-b9ba-4e0cb119e8d0,fa4d9173-493b-f3d0-b343-c7e884aff7ad
1508ae63-805e-4190-9655-b59f35e99db2,fa4d9173-493b-f3d0-b343-c7e884aff7ad
150ba731-6f2d-4715-b85a-a80b58ddd16a,fa4d9173-493b-f3d0-b343-c7e884aff7ad
1b6b0927-9ee9-4183-9953-1bfe8e06a9bf,fa4d9173-493b-f3d0-b343-c7e884aff7ad
1ff205d2-9ad1-46aa-a1e6-a893cf388969,fa4d9173-493b-f3d0-b343-c7e884aff7ad
22876b45-ca1b-4b77-ac54-c8528f8ac1d6,fa4d9173-493b-f3d0-b343-c7e884aff7ad
27902fe2-95b0-4e98-87b4-f8494cb70e8b,fa4d9173-493b-f3d0-b343-c7e884aff7ad
2a8acb45-81d2-4d83-824c-21dfa9de7bb3,fa4d9173-493b-f3d0-b343-c7e884aff7ad
33c2e716-5c46-48c9-a323-ed41fa107903,fa4d9173-493b-f3d0-b343-c7e884aff7ad
46258abd-3156-4963-99e5-dcc9ebf6f047,fa4d9173-493b-f3d0-b343-c7e884aff7ad
469203ed-0584-48fa-85f4-da828ca50e0c,fa4d9173-493b-f3d0-b343-c7e884aff7ad
4ed5f090-9e08-486f-afd7-2f7e8829abbf,fa4d9173-493b-f3d0-b343-c7e884aff7ad
56539f71-33e5-48b0-91d6-28e4cd12f251,fa4d9173-493b-f3d0-b343-c7e884aff7ad
627f8142-f86f-462b-9712-da40780031e1,fa4d9173-493b-f3d0-b343-c7e884aff7ad
634d3c1e-4885-4df8-a44d-9c10fc138886,fa4d9173-493b-f3d0-b343-c7e884aff7ad
66e04f8c-db3a-4fee-888a-99216d24f0f9,fa4d9173-493b-f3d0-b343-c7e884aff7ad
7d7b42a8-a8cb-43b7-864e-a38c7a64c507,fa4d9173-493b-f3d0-b343-c7e884aff7ad
846a2cba-4ab0-43c9-8f65-f767cfb6c040,fa4d9173-493b-f3d0-b343-c7e884aff7ad
8bb51d0d-cc43-4c68-a8fd-5bb0d5e0a978,fa4d9173-493b-f3d0-b343-c7e884aff7ad
987e5f59-9853-4e78-9fcc-9452abf51d28,fa4d9173-493b-f3d0-b343-c7e884aff7ad
9dfeaea7-3ac9-4c3b-8fcf-26ab29d619c9,fa4d9173-493b-f3d0-b343-c7e884aff7ad
b2f5bb16-42a6-4a87-a280-22982db591e2,fa4d9173-493b-f3d0-b343-c7e884aff7ad
bc38c0a7-e896-41d1-baf5-366bd48adfa8,fa4d9173-493b-f3d0-b343-c7e884aff7ad
c3c4c44e-53a9-4daf-b131-e8930816f751,fa4d9173-493b-f3d0-b343-c7e884aff7ad
c8c6676d-1955-4df2-97ff-eef3ba16f790,fa4d9173-493b-f3d0-b343-c7e884aff7ad
ca290981-2e9c-45d7-9c1b-b96adc9f9e30,fa4d9173-493b-f3d0-b343-c7e884aff7ad
d0c4f6c3-7997-47a5-a85d-9cc62884b493,fa4d9173-493b-f3d0-b343-c7e884aff7ad
db81896d-56a2-4588-bf8b-985502acc498,fa4d9173-493b-f3d0-b343-c7e884aff7ad
e7efcede-97fe-4592-86d9-791651b19d63,fa4d9173-493b-f3d0-b343-c7e884aff7ad
ed60d9bf-c981-49b7-ac37-0aaf67e2a497,fa4d9173-493b-f3d0-b343-c7e884aff7ad
eed07da0-cd3e-49e3-b7d4-a8d6f74fd68d,fa4d9173-493b-f3d0-b343-c7e884aff7ad
f8d1c2dd-98a9-46d4-9e5b-3c9bff72b3f5,fa4d9173-493b-f3d0-b343-c7e884aff7ad
f915f53b-c0b2-45f3-9aec-39e80dadb08f,fa4d9173-493b-f3d0-b343-c7e884aff7ad
fd58e4dc-066d-4577-88ea-5a789914a1b9,fa4d9173-493b-f3d0-b343-c7e884aff7ad
fe3863e5-014c-4c6d-a711-1c44b45eca70,fa4d9173-493b-f3d0-b343-c7e884aff7ad
ff92cf4d-0a7a-43d2-a0db-9b119d95ff0d,fa4d9173-493b-f3d0-b343-c7e884aff7ad
0c8814ee-9af1-41a5-9eaa-635dfb302efa,bd23a50d-2ae3-be33-2a35-383ea9ed13fd
1396961f-f4b3-4c22-82bb-490d17df9deb,bd23a50d-2ae3-be33-2a35-383ea9ed13fd
29667883-829d-45f1-82bc-8791287b0a0b,bd23a50d-2ae3-be33-2a35-383ea9ed13fd
2d3c03c6-43ba-4b1f-8d98-be6a148c9903,bd23a50d-2ae3-be33-2a35-383ea9ed13fd
31714704-e536-4fed-96fc-fdc290d13a3c,bd23a50d-2ae3-be33-2a35-383ea9ed13fd
3245f7dd-d03c-4825-89d4-f82022ed9bde,bd23a50d-2ae3-be33-2a35-383ea9ed13fd
3917e8d1-13b2-40cb-a475-12d8c2e7a201,bd23a50d-2ae3-be33-2a35-383ea9ed13fd
3c39814a-3a99-4269-adcd-09d9d26a221b,bd23a50d-2ae3-be33-2a35-383ea9ed13fd
4338108c-a632-415f-b5c4-8b26b0a8efea,bd23a50d-2ae3-be33-2a35-383ea9ed13fd
4e66b681-657b-4906-9836-9dbc4c77a904,bd23a50d-2ae3-be33-2a35-383ea9ed13fd
5546e295-6448-41de-8532-7f73b05980e3,bd23a50d-2ae3-be33-2a35-383ea9ed13fd
5d57478d-202c-4b8b-aad4-bc78203a6862,bd23a50d-2ae3-be33-2a35-383ea9ed13fd
5f62a3a3-e4cf-4a73-8575-b05432dca219,bd23a50d-2ae3-be33-2a35-383ea9ed13fd
62484ec2-460b-4dce-abfe-7a612b9f1c29,bd23a50d-2ae3-be33-2a35-383ea9ed13fd
6744f637-538f-44d1-8848-df0508937fcb,bd23a50d-2ae3-be33-2a35-383ea9ed13fd
75ff90b7-b9db-4ac1-af10-4233b8bc1f74,bd23a50d-2ae3-be33-2a35-383ea9ed13fd
77da2c81-9b9b-4bbc-8d71-7916fdd88a87,bd23a50d-2ae3-be33-2a35-383ea9ed13fd
7d21ba62-e149-4ca3-82fa-b210dcd52065,bd23a50d-2ae3-be33-2a35-383ea9ed13fd
90853d65-7e99-4ccc-aa50-595db77e3023,bd23a50d-2ae3-be33-2a35-383ea9ed13fd
90d96c5a-5dd4-4efc-97be-782b2b264707,bd23a50d-2ae3-be33-2a35-383ea9ed13fd
96bb401a-6b5f-4f98-ab39-7594c631003c,bd23a50d-2ae3-be33-2a35-383ea9ed13fd
9728db8a-f8e5-4519-ab67-5bb0e72e6fd0,bd23a50d-2ae3-be33-2a35-383ea9ed13fd
9beab68c-3e3e-43f1-bbcd-a67a28b343a4,bd23a50d-2ae3-be33-2a35-383ea9ed13fd
a5e412f3-8493-408a-adce-ddf44d58c64b,bd23a50d-2ae3-be33-2a35-383ea9ed13fd
ac1dfbc2-728b-42b4-829e-9c07002dba2e,bd23a50d-2ae3-be33-2a35-383ea9ed13fd
b3897b03-6d9a-48ce-8e00-1bac3d0081b5,bd23a50d-2ae3-be33-2a35-383ea9ed13fd
be0cd046-8066-4a07-ae8e-7b71119f2814,bd23a50d-2ae3-be33-2a35-383ea9ed13fd
c7b9b827-095d-4035-96e3-7ec7fb040eea,bd23a50d-2ae3-be33-2a35-383ea9ed13fd
ce23f027-e724-417f-922c-44d3c14c9c7c,bd23a50d-2ae3-be33-2a35-383ea9ed13fd
ce43453a-d64e-4676-a664-5ee4807085c5,bd23a50d-2ae3-be33-2a35-383ea9ed13fd
cea9fa45-22f9-40b0-96f8-a74028cfc225,bd23a50d-2ae3-be33-2a35-383ea9ed13fd
d147a3d2-a8f7-40b1-9763-88e351620ebc,bd23a50d-2ae3-be33-2a35-383ea9ed13fd
d2427857-573d-4585-8ee6-1cebebbcbb78,bd23a50d-2ae3-be33-2a35-383ea9ed13fd
e50aee1c-08f4-4759-9b61-4ae47dc4a911,bd23a50d-2ae3-be33-2a35-383ea9ed13fd
ef8bfaeb-c5f2-48ad-8cd2-03f7321496e8,bd23a50d-2ae3-be33-2a35-383ea9ed13fd
fa882fa7-be16-45ae-813f-78322c46be6e,bd23a50d-2ae3-be33-2a35-383ea9ed13fd
fcc9c1ba-12e5-446a-8a0d-e7202326c433,bd23a50d-2ae3-be33-2a35-383ea9ed13fd
0b5ef1f0-c4db-4c6f-b9c5-ac86439d25c2,31de49d9-4081-2c13-2a4b-e0b6a160d783
1aa0e894-cf87-4e19-9ce7-ca8e9637e1f5,31de49d9-4081-2c13-2a4b-e0b6a160d783
240fcea7-2658-4073-bae1-c0c0933ee974,31de49d9-4081-2c13-2a4b-e0b6a160d783
293bf978-87f2-4903-bf08-4696e063f7a4,31de49d9-4081-2c13-2a4b-e0b6a160d783
32e3ed75-da6a-4837-8262-79224ad6dce2,31de49d9-4081-2c13-2a4b-e0b6a160d783
3628cccb-4dd6-49ba-ad0e-e7d5ede23fce,31de49d9-4081-2c13-2a4b-e0b6a160d783
43bced8c-b5a5-4a6e-9690-12d42dfc71f0,31de49d9-4081-2c13-2a4b-e0b6a160d783
458919cc-d881-4270-a0d0-e5570fdb71bd,31de49d9-4081-2c13-2a4b-e0b6a160d783
4622934c-1b00-48d9-bc28-d0a70ba7d0aa,31de49d9-4081-2c13-2a4b-e0b6a160d783
4cc32158-73f7-44d4-a122-c27206c5eaab,31de49d9-4081-2c13-2a4b-e0b6a160d783
55016c6d-b0e6-4ea5-8eb2-33b5b7a453bc,31de49d9-4081-2c13-2a4b-e0b6a160d783
6843aca8-0696-40bb-bb18-cb56f123c835,31de49d9-4081-2c13-2a4b-e0b6a160d783
7285f1c1-d484-48d5-acf9-d2a22e66cfa1,31de49d9-4081-2c13-2a4b-e0b6a160d783
7426e3e6-84cd-4d93-ae42-b99aba55fcc0,31de49d9-4081-2c13-2a4b-e0b6a160d783
7c2bab29-9784-43f3-83d4-0a41f932c147,31de49d9-4081-2c13-2a4b-e0b6a160d783
7d92ec7d-2c89-4e8d-85f0-edba6eac3f00,31de49d9-4081-2c13-2a4b-e0b6a160d783
7de3c597-8666-48a0-bad7-50e916086430,31de49d9-4081-2c13-2a4b-e0b6a160d783
808342eb-c92f-4153-bce4-92285f08a9f4,31de49d9-4081-2c13-2a4b-e0b6a160d783
87d25dfd-8515-417b-952f-47b161fd38b9,31de49d9-4081-2c13-2a4b-e0b6a160d783
8b6c938a-6ed2-4602-9531-6bdae20c7b90,31de49d9-4081-2c13-2a4b-e0b6a160d783
92fdb5fa-2560-4e7b-a6da-27fcbe5d0e18,31de49d9-4081-2c13-2a4b-e0b6a160d783
93fd60db-fb6b-4ba6-9d72-0a639d65405a,31de49d9-4081-2c13-2a4b-e0b6a160d783
9e963e9e-0fb8-47a2-aa4f-7cd09d4c1c97,31de49d9-4081-2c13-2a4b-e0b6a160d783
a5e529a6-6f13-440c-bf2a-125c6249f7a7,31de49d9-4081-2c13-2a4b-e0b6a160d783
a9b14e94-af21-4945-a445-e0eeb3a01ed5,31de49d9-4081-2c13-2a4b-e0b6a160d783
c3b3930f-5bb3-4b70-a62e-b816ca8e5ffa,31de49d9-4081-2c13-2a4b-e0b6a160d783
c574ccb7-6676-4b77-9675-1e7ee6606de5,31de49d9-4081-2c13-2a4b-e0b6a160d783
e9abc653-bf1c-49f0-b7da-53ca6eafc3f4,31de49d9-4081-2c13-2a4b-e0b6a160d783
f25daf0b-3ebc-4df3-ae97-a97aa6947ebe,31de49d9-4081-2c13-2a4b-e0b6a160d783
02e14b8b-e0c9-4af4-8ec1-99e75eb64347,b9d62289-d55f-2692-f290-1433172f8289
09ef3733-cf58-4191-8c73-e3a1b2fc5f67,b9d62289-d55f-2692-f290-1433172f8289
0e70113e-2566-4bad-a3b6-deffa03ce1f5,b9d62289-d55f-2692-f290-1433172f8289
1f8eb9e7-dedc-4f94-bae7-c02ab8f0fdf5,b9d62289-d55f-2692-f290-1433172f8289
277276a2-7e18-4ef0-8596-6d33eb2ba7f1,b9d62289-d55f-2692-f290-1433172f8289
2edcc25b-0cf7-4330-90e9-0185796a5210,b9d62289-d55f-2692-f290-1433172f8289
315eb56a-3162-4ebf-a464-723cd39f768a,b9d62289-d55f-2692-f290-1433172f8289
3c72339a-328d-4030-8d49-8b89fc463e47,b9d62289-d55f-2692-f290-1433172f8289
3ee0a2bd-d8fa-41b9-b028-bb10e352bed5,b9d62289-d55f-2692-f290-1433172f8289
4721c28c-913d-4743-aff9-b263910dd4d8,b9d62289-d55f-2692-f290-1433172f8289
4861d5a4-7607-4cd5-a7d8-29ba241a0cbd,b9d62289-d55f-2692-f290-1433172f8289
4a618734-2920-40ac-b09e-b69db2d18314,b9d62289-d55f-2692-f290-1433172f8289
4a9b708d-95b9-45fe-83c5-ea68e50c5d6f,b9d62289-d55f-2692-f290-1433172f8289
52e3c77d-465d-45a7-a439-44fc81b23f82,b9d62289-d55f-2692-f290-1433172f8289
568ffed1-a5cc-44c8-af2a-4d5db6583a7c,b9d62289-d55f-2692-f290-1433172f8289
5e71128d-86c1-4d95-b08b-df10b2c0d05b,b9d62289-d55f-2692-f290-1433172f8289
65fc0cff-c4f5-4391-9bca-49ca70e970af,b9d62289-d55f-2692-f290-1433172f8289
67800744-14e6-4a77-b5e1-98b5c581fb64,b9d62289-d55f-2692-f290-1433172f8289
70af7f85-4dd6-43a5-9b37-3b15452ba047,b9d62289-d55f-2692-f290-1433172f8289
717a8553-4093-43cb-a88a-b04211067f41,b9d62289-d55f-2692-f290-1433172f8289
772cf64c-6cd7-43f7-9a7e-7b31dc23851a,b9d62289-d55f-2692-f290-1433172f8289
831b69e4-d5e7-4d22-ae27-8092e5faea7a,b9d62289-d55f-2692-f290-1433172f8289
8c979324-fb82-4a7e-a5b0-a04ae34b72a8,b9d62289-d55f-2692-f290-1433172f8289
8d52d85f-4151-463c-9316-70ead119707b,b9d62289-d55f-2692-f290-1433172f8289
94ccd6dd-acc0-485c-80e7-8c033bdfcf9b,b9d62289-d55f-2692-f290-1433172f8289
99fe2f03-5370-4983-96b1-ac8e28433922,b9d62289-d55f-2692-f290-1433172f8289
9d78ec92-19a1-4f2a-8dd8-494b12e6f93b,b9d62289-d55f-2692-f290-1433172f8289
abac5bf8-9584-46be-97f3-f03a4dff84bb,b9d62289-d55f-2692-f290-1433172f8289
b59e1b72-1a5a-4354-a73c-2758e6b3f4c8,b9d62289-d55f-2692-f290-1433172f8289
d010aeec-bb47-47c7-92fc-c2c56aac725e,b9d62289-d55f-2692-f290-1433172f8289
d674663c-2b66-438a-b3a6-86a754512eac,b9d62289-d55f-2692-f290-1433172f8289
ddd9ec8f-cae2-4e4d-97a4-a389279a3045,b9d62289-d55f-2692-f290-1433172f8289
02774de5-089f-4017-bfd8-965047fa1ca4,7ef1577a-8779-8044-4a42-669b796f8e4f
13154ae8-bfca-48ff-ba6d-a0b7a492871c,7ef1577a-8779-8044-4a42-669b796f8e4f
2544870e-254f-49ad-9b30-38ee2171dd77,7ef1577a-8779-8044-4a42-669b796f8e4f
2671168e-bc91-40e7-b7c1-54043774e722,7ef1577a-8779-8044-4a42-669b796f8e4f
299f533a-c6ff-4eca-b937-c16b9da1aed1,7ef1577a-8779-8044-4a42-669b796f8e4f
2d96612e-cba9-48e7-96c1-73cc67e84c93,7ef1577a-8779-8044-4a42-669b796f8e4f
37001c56-cecc-4dbf-9a98-b22cebe29173,7ef1577a-8779-8044-4a42-669b796f8e4f
42988062-c615-43cf-a5c7-93db3e475efd,7ef1577a-8779-8044-4a42-669b796f8e4f
77fa5e93-a43a-4639-a880-07f50dc904ba,7ef1577a-8779-8044-4a42-669b796f8e4f
79266741-8f82-440f-850c-80f665995da1,7ef1577a-8779-8044-4a42-669b796f8e4f
81c41fc5-3119-46cb-908f-0e0fa8e403d5,7ef1577a-8779-8044-4a42-669b796f8e4f
85e728c3-98cb-43f9-92cc-e2d18a349f32,7ef1577a-8779-8044-4a42-669b796f8e4f
926ddcec-8dbb-43bd-8b35-26565233c5db,7ef1577a-8779-8044-4a42-669b796f8e4f
92714cf9-e98f-4004-b18d-61429b98fb9b,7ef1577a-8779-8044-4a42-669b796f8e4f
a7e4c00b-5c2e-4819-bd0f-e78259fcc2d3,7ef1577a-8779-8044-4a42-669b796f8e4f
ac14b92f-bcc1-466d-bc76-4c34b58ebdc6,7ef1577a-8779-8044-4a42-669b796f8e4f
b48a9c95-368c-4b13-84d6-7c18c7e1cd1a,7ef1577a-8779-8044-4a42-669b796f8e4f
b60d1cae-2795-4a7d-8275-65e5682df54c,7ef1577a-8779-8044-4a42-669b796f8e4f
b9e43fec-e641-4c43-a5a5-ee11ee5c3110,7ef1577a-8779-8044-4a42-669b796f8e4f
c8605a1f-d149-4244-9318-7be05fb62bf7,7ef1577a-8779-8044-4a42-669b796f8e4f
de1d45ee-f8e5-4fc5-8e7f-ebb259f1daa7,7ef1577a-8779-8044-4a42-669b796f8e4f
ebdfe62c-72f8-4e98-8923-eb5ef28d41f7,7ef1577a-8779-8044-4a42-669b796f8e4f
ede1c09a-e6a6-4422-b00c-5cf4c2e2631c,7ef1577a-8779-8044-4a42-669b796f8e4f
f8269a4e-962c-440c-aaf9-328f1c3bdc53,7ef1577a-8779-8044-4a42-669b796f8e4f
feacabf3-6f93-41a5-9f36-d739e130ae43,7ef1577a-8779-8044-4a42-669b796f8e4f
198c2d9d-8d8e-427a-8403-a8683df5d695,49109fdd-927c-1ec8-503d-9f6d99190f22
1cb6ea33-afa9-457c-ad33-8f5380196217,49109fdd-927c-1ec8-503d-9f6d99190f22
1ebdd7ec-1dcb-4b12-9b2d-e442c88b4adb,49109fdd-927c-1ec8-503d-9f6d99190f22
30175c82-6389-4a6f-9256-78b0ec142532,49109fdd-927c-1ec8-503d-9f6d99190f22
30aeb405-0fb3-48c4-8da8-346aa74f8149,49109fdd-927c-1ec8-503d-9f6d99190f22
37509560-0b0f-4e31-8596-2b0442e29eb7,49109fdd-927c-1ec8-503d-9f6d99190f22
3c9bce6a-9bea-4563-9126-34a169bed672,49109fdd-927c-1ec8-503d-9f6d99190f22
3fec27cf-c40c-46e2-a24c-caf6103897d1,49109fdd-927c-1ec8-503d-9f6d99190f22
4127a051-8bed-4edc-ac38-7618cf99a564,49109fdd-927c-1ec8-503d-9f6d99190f22
471bbb73-d4db-4c26-b466-17f5c6b324d5,49109fdd-927c-1ec8-503d-9f6d99190f22
4a2514b4-466e-45a0-b3f8-221a4e4b54f8,49109fdd-927c-1ec8-503d-9f6d99190f22
4f35c744-feac-4dbf-994f-bc675b6e6331,49109fdd-927c-1ec8-503d-9f6d99190f22
63712f13-e7d7-4df5-ac86-acea01dede35,49109fdd-927c-1ec8-503d-9f6d99190f22
6a93b762-d14d-4eea-ae6f-1c81dbe5b32b,49109fdd-927c-1ec8-503d-9f6d99190f22
72efcf4b-88db-4f81-aa0a-2c9a45edd0d7,49109fdd-927c-1ec8-503d-9f6d99190f22
7f5986ff-e5b4-4246-ae49-ca122d2661fe,49109fdd-927c-1ec8-503d-9f6d99190f22
856abd43-8525-40fa-be62-836a5e9bddfd,49109fdd-927c-1ec8-503d-9f6d99190f22
87c17d53-d666-4c11-a047-10dbc35df6ed,49109fdd-927c-1ec8-503d-9f6d99190f22
89130284-12ab-43ec-bdd8-4f13ac142ac6,49109fdd-927c-1ec8-503d-9f6d99190f22
8916f877-2bfc-4c6c-9923-4c7f1e4e4c07,49109fdd-927c-1ec8-503d-9f6d99190f22
8c0d4f4a-7aaf-419b-89a5-ac52fec119cb,49109fdd-927c-1ec8-503d-9f6d99190f22
93e5bac4-f0b8-4d56-8cdf-72f09bb6ddde,49109fdd-927c-1ec8-503d-9f6d99190f22
9bdcac54-484b-41f1-ac99-e6422d706516,49109fdd-927c-1ec8-503d-9f6d99190f22
a57e8a3e-dae1-40ab-a60a-f603896b2178,49109fdd-927c-1ec8-503d-9f6d99190f22
bdd1ae4c-435a-415d-937d-fb81fb07b72c,49109fdd-927c-1ec8-503d-9f6d99190f22
c07ac146-9233-4ca9-a56d-cdcc25a92c0d,49109fdd-927c-1ec8-503d-9f6d99190f22
c3cb3bef-41cd-4bd6-bd2a-74562a06b823,49109fdd-927c-1ec8-503d-9f6d99190f22
d542791a-d4cc-4b77-a49e-c92f4923068d,49109fdd-927c-1ec8-503d-9f6d99190f22
e780054f-bf7d-4b98-87de-491e6fb0489f,49109fdd-927c-1ec8-503d-9f6d99190f22
ea1f8a6a-b054-4685-8ba5-2d2fc8690134,49109fdd-927c-1ec8-503d-9f6d99190f22
10cfe673-67a6-4490-b522-b028f92c95cc,427e8f37-684f-1cdf-cc36-a1ee0faf9701
11fde0c1-69e2-4f09-bbec-10879b4b4ef8,427e8f37-684f-1cdf-cc36-a1ee0faf9701
12499443-4b37-4e0e-97cf-2582208b9998,427e8f37-684f-1cdf-cc36-a1ee0faf9701
137c9412-faa5-4c74-8d3c-b825feed0eed,427e8f37-684f-1cdf-cc36-a1ee0faf9701
2dcf2cc0-1550-4b8e-8ef6-6ef6c57fe012,427e8f37-684f-1cdf-cc36-a1ee0faf9701
30c01a75-f271-4970-aeeb-daaec7a6d766,427e8f37-684f-1cdf-cc36-a1ee0faf9701
343067ea-4407-4283-ae2a-4e0a6da9213d,427e8f37-684f-1cdf-cc36-a1ee0faf9701
36e01a56-4e81-4ae3-9d8b-5b81d8ce17dd,427e8f37-684f-1cdf-cc36-a1ee0faf9701
3a315f28-7e5e-433e-ac75-e223e3377b5b,427e8f37-684f-1cdf-cc36-a1ee0faf9701
49eda202-1171-4f20-95ad-c3914af7be2b,427e8f37-684f-1cdf-cc36-a1ee0faf9701
4a701304-1d56-47fc-b34a-a5820979bb11,427e8f37-684f-1cdf-cc36-a1ee0faf9701
4c06867c-d2b2-4e7f-bed6-fb35607bcb51,427e8f37-684f-1cdf-cc36-a1ee0faf9701
4eac8590-2d4c-4f24-ad93-2f6013f84453,427e8f37-684f-1cdf-cc36-a1ee0faf9701
5335c763-8ca8-4e9a-b84c-6ae9d2f36473,427e8f37-684f-1cdf-cc36-a1ee0faf9701
58678d8b-5c76-42f1-bef7-65aac721b36d,427e8f37-684f-1cdf-cc36-a1ee0faf9701
58e2703e-d81d-4dfe-848f-678169fb8aef,427e8f37-684f-1cdf-cc36-a1ee0faf9701
7e9aa58c-1878-4b8b-ae3c-1af0b507bfdf,427e8f37-684f-1cdf-cc36-a1ee0faf9701
824e09b6-0e19-4a80-bc62-53844e86de42,427e8f37-684f-1cdf-cc36-a1ee0faf9701
82ed23c5-0c68-4634-9603-ab71c0c30f85,427e8f37-684f-1cdf-cc36-a1ee0faf9701
8a54cfd9-40d9-417b-8d91-2784c915c73e,427e8f37-684f-1cdf-cc36-a1ee0faf9701
95a47d4d-d66f-4a8d-a763-4c818dec7bde,427e8f37-684f-1cdf-cc36-a1ee0faf9701
9b00daea-9a99-4592-8062-7c574aefc75c,427e8f37-684f-1cdf-cc36-a1ee0faf9701
a2230fe7-b5cf-45ca-a1e8-e66d5f961b0e,427e8f37-684f-1cdf-cc36-a1ee0faf9701
a49d9ec5-f8fc-400d-a672-3a1cb52ef122,427e8f37-684f-1cdf-cc36-a1ee0faf9701
a849a20b-30bf-4ed6-bada-7c69a2084727,427e8f37-684f-1cdf-cc36-a1ee0faf9701
ae99961c-a05c-48a6-aaac-2dbe94049d21,427e8f37-684f-1cdf-cc36-a1ee0faf9701
b44dbff0-100a-4a18-8248-8e0a5c7249e3,427e8f37-684f-1cdf-cc36-a1ee0faf9701
caa93f39-9d10-4143-8768-70b51b924629,427e8f37-684f-1cdf-cc36-a1ee0faf9701
cb255cc2-3036-4049-8b90-075e74afb8f0,427e8f37-684f-1cdf-cc36-a1ee0faf9701
db187608-8ab2-46a6-8891-e00519703f34,427e8f37-684f-1cdf-cc36-a1ee0faf9701
dc19c69e-5761-4c7a-8d4c-8f4381fb3fb6,427e8f37-684f-1cdf-cc36-a1ee0faf9701
dd5f163a-0a87-4b95-8a69-beed0ca790b8,427e8f37-684f-1cdf-cc36-a1ee0faf9701
e9c39e63-7a6b-4118-9e4e-266299dbde7b,427e8f37-684f-1cdf-cc36-a1ee0faf9701
eacf52bf-8536-4f16-a073-9cfeca4ccc52,427e8f37-684f-1cdf-cc36-a1ee0faf9701
f4c4f9a7-ef85-4f76-b8b3-33c3cfbdb726,427e8f37-684f-1cdf-cc36-a1ee0faf9701
f5db3fe7-5608-4263-9c98-0e1989100bcd,427e8f37-684f-1cdf-cc36-a1ee0faf9701
f77b9e1d-9171-4772-a688-19f634cf091c,427e8f37-684f-1cdf-cc36-a1ee0faf9701
f7aa9bf7-4980-47fd-94fb-9da822330c31,427e8f37-684f-1cdf-cc36-a1ee0faf9701
ff571032-5cf2-4a17-8e09-613a1ac46688,427e8f37-684f-1cdf-cc36-a1ee0faf9701
074b2f1c-c315-44df-b67a-deb51ae59295,e5c00cbd-ff5b-5600-d13a-6abc1181d1ed
0c368e36-02c6-4bad-b4bc-4bfd9efb4b6c,e5c00cbd-ff5b-5600-d13a-6abc1181d1ed
2be556c1-a9e2-41e3-9e7a-43103ddad107,e5c00cbd-ff5b-5600-d13a-6abc1181d1ed
4d4b525a-f231-44ed-b2b4-9c47bb60c00f,e5c00cbd-ff5b-5600-d13a-6abc1181d1ed
68aba2f2-c940-4612-9e87-9f514dce4f32,e5c00cbd-ff5b-5600-d13a-6abc1181d1ed
72c943f6-d2aa-460c-b883-27f8ebef3d3b,e5c00cbd-ff5b-5600-d13a-6abc1181d1ed
91951a2a-7e1e-4df4-a106-224c3256d187,e5c00cbd-ff5b-5600-d13a-6abc1181d1ed
9af1144e-efdf-4071-a644-849be1f918f7,e5c00cbd-ff5b-5600-d13a-6abc1181d1ed
a2ee53b7-2c7d-4df0-bfd0-97011f71fd22,e5c00cbd-ff5b-5600-d13a-6abc1181d1ed
a84f9d1f-0844-49bd-b1ab-7d3969b7b4bb,e5c00cbd-ff5b-5600-d13a-6abc1181d1ed
a8c3aeee-8529-4c76-adc8-02d897140ce3,e5c00cbd-ff5b-5600-d13a-6abc1181d1ed
b7f3802e-6f26-4373-9416-2ade2126523a,e5c00cbd-ff5b-5600-d13a-6abc1181d1ed
ba7c4f4a-1590-4d87-8519-c05856983b0e,e5c00cbd-ff5b-5600-d13a-6abc1181d1ed
c52532fc-213f-4c86-acc2-95dcffdd8c0b,e5c00cbd-ff5b-5600-d13a-6abc1181d1ed
c5d0eae7-4f92-47cd-8b9c-fa6759a55f90,e5c00cbd-ff5b-5600-d13a-6abc1181d1ed
cc3bdfe8-4177-469e-baea-bab9c8175b8d,e5c00cbd-ff5b-5600-d13a-6abc1181d1ed
ecebea24-4b21-4f8e-876a-40b4bd62df93,e5c00cbd-ff5b-5600-d13a-6abc1181d1ed
